source_file,filepath_in_json,แบบฟอร์ม,จังหวัด,เขตเลือกตั้งที่,อำเภอ_เขต,ตำบล_แขวง_เทศบาล,หมู่ที่,หน่วยเลือกตั้งที่,ผู้มีสิทธิตามบัญชี,ผู้มาแสดงตน,บัตรที่ได้รับจัดสรร,บัตรที่ใช้,บัตรดี,บัตรเสีย,บัตรที่เหลือ,รวมคะแนนทั้งสิ้น,บัตรไม่เลือกผู้สมัครใด,คะแนน_ผู้สมัคร_1,คะแนน_ผู้สมัคร_2,คะแนน_ผู้สมัคร_3,คะแนน_ผู้สมัคร_4,คะแนน_ผู้สมัคร_5,คะแนน_ผู้สมัคร_6
result\normal\เขตเลือกตั้งที่10\ชนบท\ปอแดง\หน่วยที่10หมู่ที่10.json,เขตเลือกตั้งที่10\ชนบท\ปอแดง\หน่วยที่10หมู่ที่10.pdf,ส.ส. ๕/๑๘,ขอนแก่น,10,ชนบท,ปอแดง,10,10,428,249,400,249,232,13,151,232,4,77,1,19,1,132,2
result\normal\เขตเลือกตั้งที่10\ชนบท\ปอแดง\หน่วยที่1หมู่ที่1.json,เขตเลือกตั้งที่10\ชนบท\ปอแดง\หน่วยที่1หมู่ที่1.pdf,ส.ส. ๕/๑๘,ขอนแก่น,10,ชนบท,ปอแดง,1,1,528,309,540,309,289,17,231,289,3,109,2,19,2,156,1
result\normal\เขตเลือกตั้งที่10\ชนบท\ปอแดง\หน่วยที่2หมู่ที่2.json,เขตเลือกตั้งที่10\ชนบท\ปอแดง\หน่วยที่2หมู่ที่2.pdf,ส.ส. ๕/๑๘,ขอนแก่น,10,ชนบท,ปอแดง,2,2,828,507,780,507,481,17,273,481,9,214,3,44,0,212,8
result\normal\เขตเลือกตั้งที่10\ชนบท\ปอแดง\หน่วยที่3หมู่ที่3.json,เขตเลือกตั้งที่10\ชนบท\ปอแดง\หน่วยที่3หมู่ที่3.pdf,ส.ส. ๕/๑๘,ขอนแก่น,10,ชนบท,ปอแดง,3,3,281,170,280,170,159,6,110,159,5,82,2,10,0,65,0
result\normal\เขตเลือกตั้งที่10\ชนบท\ปอแดง\หน่วยที่4หมู่ที่4.json,เขตเลือกตั้งที่10\ชนบท\ปอแดง\หน่วยที่4หมู่ที่4.pdf,ส.ส. ๕/๑๘,ขอนแก่น,10,ชนบท,ปอแดง,4,4,304,195,300,195,177,18,105,177,0,36,1,10,0,130,0
result\normal\เขตเลือกตั้งที่10\ชนบท\ปอแดง\หน่วยที่5หมู่ที่5.json,เขตเลือกตั้งที่10\ชนบท\ปอแดง\หน่วยที่5หมู่ที่5.pdf,ส.ส. ๕/๑๘,ขอนแก่น,10,ชนบท,ปอแดง,5,5,583,340,560,340,314,20,220,314,6,142,3,36,5,127,1
result\normal\เขตเลือกตั้งที่10\ชนบท\ปอแดง\หน่วยที่6หมู่ที่6.json,เขตเลือกตั้งที่10\ชนบท\ปอแดง\หน่วยที่6หมู่ที่6.pdf,ส.ส. ๕/๑๘,ขอนแก่น,10,ชนบท,ปอแดง,6,6,298,157,280,157,152,3,123,152,2,50,1,26,0,75,0
result\normal\เขตเลือกตั้งที่10\ชนบท\ปอแดง\หน่วยที่7หมู่ที่7.json,เขตเลือกตั้งที่10\ชนบท\ปอแดง\หน่วยที่7หมู่ที่7.pdf,ส.ส. ๕/๑๘,ขอนแก่น,10,ชนบท,ปอแดง,7,7,247,132,240,132,129,3,108,129,0,65,1,19,2,41,1
result\normal\เขตเลือกตั้งที่10\ชนบท\ปอแดง\หน่วยที่8หมู่ที่8.json,เขตเลือกตั้งที่10\ชนบท\ปอแดง\หน่วยที่8หมู่ที่8.pdf,ส.ส. ๕/๑๘,ขอนแก่น,10,ชนบท,ปอแดง,8,8,363,188,360,188,180,6,172,180,2,77,2,16,0,85,0
result\normal\เขตเลือกตั้งที่10\ชนบท\ปอแดง\หน่วยที่9หมู่ที่9.json,เขตเลือกตั้งที่10\ชนบท\ปอแดง\หน่วยที่9หมู่ที่9.pdf,ส.ส. ๕/๑๘,ขอนแก่น,10,ชนบท,ปอแดง,9,9,222,130,200,130,122,5,70,122,3,49,0,19,0,53,1
result\normal\เขตเลือกตั้งที่10\ชนบท\วังแสง\หน่วยที่10หมู่ที่10.json,เขตเลือกตั้งที่10\ชนบท\วังแสง\หน่วยที่10หมู่ที่10.pdf,ส.ส. ๕/๑๘,ขอนแก่น,10,ชนบท,วังแสง,10,10,550,286,520,286,263,21,234,263,2,116,2,33,0,112,0
result\normal\เขตเลือกตั้งที่10\ชนบท\วังแสง\หน่วยที่11หมู่ที่11.json,เขตเลือกตั้งที่10\ชนบท\วังแสง\หน่วยที่11หมู่ที่11.pdf,ส.ส. ๕/๑๘,ขอนแก่น,10,ชนบท,วังแสง,11,11,475,320,460,320,291,25,140,291,4,80,4,25,0,181,1
result\normal\เขตเลือกตั้งที่10\ชนบท\วังแสง\หน่วยที่1หมู่ที่1.json,เขตเลือกตั้งที่10\ชนบท\วังแสง\หน่วยที่1หมู่ที่1.pdf,ส.ส. ๕/๑๘,ขอนแก่น,10,ชนบท,วังแสง,1,1,485,282,460,282,263,14,178,263,5,102,1,22,11,125,2
result\normal\เขตเลือกตั้งที่10\ชนบท\วังแสง\หน่วยที่2หมู่ที่2.json,เขตเลือกตั้งที่10\ชนบท\วังแสง\หน่วยที่2หมู่ที่2.pdf,ส.ส. ๕/๑๘,ขอนแก่น,10,ชนบท,วังแสง,2,2,539,340,540,340,309,24,200,309,7,153,2,27,5,122,0
result\normal\เขตเลือกตั้งที่10\ชนบท\วังแสง\หน่วยที่3หมู่ที่3.json,เขตเลือกตั้งที่10\ชนบท\วังแสง\หน่วยที่3หมู่ที่3.pdf,ส.ส. ๕/๑๘,ขอนแก่น,10,ชนบท,วังแสง,3,3,780,420,742,420,399,17,322,399,4,138,2,34,2,220,3
result\normal\เขตเลือกตั้งที่10\ชนบท\วังแสง\หน่วยที่4หมู่ที่4.json,เขตเลือกตั้งที่10\ชนบท\วังแสง\หน่วยที่4หมู่ที่4.pdf,ส.ส. ๕/๑๘,ขอนแก่น,10,ชนบท,วังแสง,4,4,608,334,580,334,306,27,246,306,1,88,0,17,2,198,1
result\normal\เขตเลือกตั้งที่10\ชนบท\วังแสง\หน่วยที่5หมู่ที่5.json,เขตเลือกตั้งที่10\ชนบท\วังแสง\หน่วยที่5หมู่ที่5.pdf,ส.ส. ๕/๑๘,ขอนแก่น,10,ชนบท,วังแสง,5,5,253,142,240,142,135,6,98,135,1,54,1,7,0,71,2
result\normal\เขตเลือกตั้งที่10\ชนบท\วังแสง\หน่วยที่6หมู่ที่6.json,เขตเลือกตั้งที่10\ชนบท\วังแสง\หน่วยที่6หมู่ที่6.pdf,ส.ส. ๕/๑๘,ขอนแก่น,10,ชนบท,วังแสง,6,6,610,333,580,333,306,23,247,306,4,107,1,39,0,159,0
result\normal\เขตเลือกตั้งที่10\ชนบท\วังแสง\หน่วยที่7หมู่ที่7.json,เขตเลือกตั้งที่10\ชนบท\วังแสง\หน่วยที่7หมู่ที่7.pdf,ส.ส. ๕/๑๘,ขอนแก่น,10,ชนบท,วังแสง,7,7,722,398,700,398,370,19,302,370,9,94,7,56,5,208,0
result\normal\เขตเลือกตั้งที่10\ชนบท\วังแสง\หน่วยที่8หมู่ที่8.json,เขตเลือกตั้งที่10\ชนบท\วังแสง\หน่วยที่8หมู่ที่8.pdf,ส.ส. ๕/๑๘,ขอนแก่น,10,ชนบท,วังแสง,8,8,591,340,580,340,300,30,240,300,10,112,2,28,3,154,1
result\normal\เขตเลือกตั้งที่10\ชนบท\วังแสง\หน่วยที่9หมู่ที่9.json,เขตเลือกตั้งที่10\ชนบท\วังแสง\หน่วยที่9หมู่ที่9.pdf,ส.ส. ๕/๑๘,ขอนแก่น,10,ชนบท,วังแสง,9,9,347,183,340,183,170,12,157,170,1,70,0,15,0,84,1
result\normal\เขตเลือกตั้งที่10\ชนบท\ห้วยแก\หน่วยที่1หมู่ที่1.json,เขตเลือกตั้งที่10\ชนบท\ห้วยแก\หน่วยที่1หมู่ที่1.pdf,ส.ส. ๕/๑๘,ขอนแก่น,10,ชนบท,ห้วยแก,1,1,823,519,780,519,501,14,261,501,4,154,3,34,3,305,2
result\normal\เขตเลือกตั้งที่10\ชนบท\ห้วยแก\หน่วยที่2หมู่ที่2.json,เขตเลือกตั้งที่10\ชนบท\ห้วยแก\หน่วยที่2หมู่ที่2.pdf,ส.ส. ๕/๑๘,ขอนแก่น,10,ชนบท,ห้วยแก,2,2,687,454,660,454,422,17,206,422,15,143,15,57,1,204,2
result\normal\เขตเลือกตั้งที่10\ชนบท\ห้วยแก\หน่วยที่3หมู่ที่3.json,เขตเลือกตั้งที่10\ชนบท\ห้วยแก\หน่วยที่3หมู่ที่3.pdf,ส.ส. ๕/๑๘,ขอนแก่น,10,ชนบท,ห้วยแก,3,3,520,276,500,276,253,17,224,253,6,117,1,15,2,117,1
result\normal\เขตเลือกตั้งที่10\ชนบท\ห้วยแก\หน่วยที่4หมู่ที่4.json,เขตเลือกตั้งที่10\ชนบท\ห้วยแก\หน่วยที่4หมู่ที่4.pdf,ส.ส. ๕/๑๘,ขอนแก่น,10,ชนบท,ห้วยแก,4,4,809,474,760,474,452,17,286,452,5,231,1,35,2,180,3
result\normal\เขตเลือกตั้งที่10\ชนบท\ห้วยแก\หน่วยที่5หมู่ที่5.json,เขตเลือกตั้งที่10\ชนบท\ห้วยแก\หน่วยที่5หมู่ที่5.pdf,ส.ส. ๕/๑๘,ขอนแก่น,10,ชนบท,ห้วยแก,5,5,292,172,280,172,162,8,108,162,2,87,6,17,0,52,0
result\normal\เขตเลือกตั้งที่10\ชนบท\ห้วยแก\หน่วยที่6หมู่ที่6.json,เขตเลือกตั้งที่10\ชนบท\ห้วยแก\หน่วยที่6หมู่ที่6.pdf,ส.ส. ๕/๑๘,ขอนแก่น,10,ชนบท,ห้วยแก,6,6,610,380,600,380,355,17,220,355,8,157,2,33,2,160,1
result\normal\เขตเลือกตั้งที่10\ชนบท\ห้วยแก\หน่วยที่7หมู่ที่7.json,เขตเลือกตั้งที่10\ชนบท\ห้วยแก\หน่วยที่7หมู่ที่7.pdf,ส.ส. ๕/๑๘,ขอนแก่น,10,ชนบท,ห้วยแก,7,7,400,201,400,201,188,11,199,188,2,133,0,19,0,36,0
result\normal\เขตเลือกตั้งที่10\ชนบท\ห้วยแก\หน่วยที่8หมู่ที่8.json,เขตเลือกตั้งที่10\ชนบท\ห้วยแก\หน่วยที่8หมู่ที่8.pdf,ส.ส. ๕/๑๘,ขอนแก่น,10,ชนบท,ห้วยแก,8,8,591,340,580,340,300,30,240,300,10,112,2,28,3,154,1
result\normal\เขตเลือกตั้งที่10\ชนบท\ห้วยแก\หน่วยที่9หมู่ที่9.json,เขตเลือกตั้งที่10\ชนบท\ห้วยแก\หน่วยที่9หมู่ที่9.pdf,ส.ส. ๕/๑๘,ขอนแก่น,10,ชนบท,ห้วยแก,9,9,257,184,260,184,178,6,76,178,0,38,2,6,1,131,0
result\normal\เขตเลือกตั้งที่10\หนองสองห้อง\คึมชาด\หน่วยที่10หมู่ที่10.json,เขตเลือกตั้งที่10\หนองสองห้อง\คึมชาด\หน่วยที่10หมู่ที่10.pdf,ส.ส. ๕/๑๘,ขอนแก่น,10,หนองสองห้อง,คึมชาด,10,10,346,235,340,235,225,9,105,225,1,86,2,23,0,113,1
result\normal\เขตเลือกตั้งที่10\หนองสองห้อง\คึมชาด\หน่วยที่1หมู่ที่1.json,เขตเลือกตั้งที่10\หนองสองห้อง\คึมชาด\หน่วยที่1หมู่ที่1.pdf,ส.ส. ๕/๑๘,ขอนแก่น,10,หนองสองห้อง,คึมชาด,1,1,412,229,400,229,224,4,171,224,1,109,4,9,1,100,1
result\normal\เขตเลือกตั้งที่10\หนองสองห้อง\คึมชาด\หน่วยที่2หมู่ที่2.json,เขตเลือกตั้งที่10\หนองสองห้อง\คึมชาด\หน่วยที่2หมู่ที่2.pdf,ส.ส. ๕/๑๘,ขอนแก่น,10,หนองสองห้อง,คึมชาด,2,2,385,274,400,274,261,6,126,261,7,93,2,31,0,135,0
result\normal\เขตเลือกตั้งที่10\หนองสองห้อง\คึมชาด\หน่วยที่3หมู่ที่3.json,เขตเลือกตั้งที่10\หนองสองห้อง\คึมชาด\หน่วยที่3หมู่ที่3.pdf,ส.ส. ๕/๑๘,ขอนแก่น,10,หนองสองห้อง,คึมชาด,3,3,631,363,600,363,351,8,237,351,4,121,2,27,3,197,1
result\normal\เขตเลือกตั้งที่10\หนองสองห้อง\คึมชาด\หน่วยที่4หมู่ที่4.json,เขตเลือกตั้งที่10\หนองสองห้อง\คึมชาด\หน่วยที่4หมู่ที่4.pdf,ส.ส. ๕/๑๘,ขอนแก่น,10,หนองสองห้อง,คึมชาด,4,4,588,361,580,361,348,12,219,348,1,148,4,38,0,157,1
result\normal\เขตเลือกตั้งที่10\หนองสองห้อง\คึมชาด\หน่วยที่5หมู่ที่5.json,เขตเลือกตั้งที่10\หนองสองห้อง\คึมชาด\หน่วยที่5หมู่ที่5.pdf,ส.ส. ๕/๑๘,ขอนแก่น,10,หนองสองห้อง,คึมชาด,5,5,654,361,620,361,351,7,259,351,3,126,5,32,1,184,3
result\normal\เขตเลือกตั้งที่10\หนองสองห้อง\คึมชาด\หน่วยที่6หมู่ที่6.json,เขตเลือกตั้งที่10\หนองสองห้อง\คึมชาด\หน่วยที่6หมู่ที่6.pdf,ส.ส. ๕/๑๘,ขอนแก่น,10,หนองสองห้อง,คึมชาด,6,6,668,421,640,421,402,16,219,402,3,183,7,34,4,173,1
result\normal\เขตเลือกตั้งที่10\หนองสองห้อง\คึมชาด\หน่วยที่7หมู่ที่7.json,เขตเลือกตั้งที่10\หนองสองห้อง\คึมชาด\หน่วยที่7หมู่ที่7.pdf,ส.ส. ๕/๑๘,ขอนแก่น,10,หนองสองห้อง,คึมชาด,7,7,615,355,580,355,337,13,225,337,5,145,3,52,1,136,0
result\normal\เขตเลือกตั้งที่10\หนองสองห้อง\คึมชาด\หน่วยที่8หมู่ที่8.json,เขตเลือกตั้งที่10\หนองสองห้อง\คึมชาด\หน่วยที่8หมู่ที่8.pdf,ส.ส. ๕/๑๘,ขอนแก่น,10,หนองสองห้อง,คึมชาด,8,8,371,220,360,220,214,4,140,214,2,125,3,23,0,63,0
result\normal\เขตเลือกตั้งที่10\หนองสองห้อง\คึมชาด\หน่วยที่9หมู่ที่9.json,เขตเลือกตั้งที่10\หนองสองห้อง\คึมชาด\หน่วยที่9หมู่ที่9.pdf,ส.ส. ๕/๑๘,ขอนแก่น,10,หนองสองห้อง,คึมชาด,9,9,664,414,680,414,389,17,266,389,8,124,4,40,1,218,2
result\normal\เขตเลือกตั้งที่10\หนองสองห้อง\ดงเค็ง\หน่วยที่10หมู่ที่10.json,เขตเลือกตั้งที่10\หนองสองห้อง\ดงเค็ง\หน่วยที่10หมู่ที่10.pdf,ส.ส. ๕/๑๘,ขอนแก่น,10,หนองสองห้อง,ดงเค็ง,10,10,220,134,220,134,126,7,86,126,1,55,1,11,0,58,1
result\normal\เขตเลือกตั้งที่10\หนองสองห้อง\ดงเค็ง\หน่วยที่11หมู่ที่11.json,เขตเลือกตั้งที่10\หนองสองห้อง\ดงเค็ง\หน่วยที่11หมู่ที่11.pdf,ส.ส. ๕/๑๘,ขอนแก่น,10,หนองสองห้อง,ดงเค็ง,11,11,323,189,300,189,179,7,111,179,3,82,0,16,1,79,1
result\normal\เขตเลือกตั้งที่10\หนองสองห้อง\ดงเค็ง\หน่วยที่12หมู่ที่12.json,เขตเลือกตั้งที่10\หนองสองห้อง\ดงเค็ง\หน่วยที่12หมู่ที่12.pdf,ส.ส. ๕/๑๘,ขอนแก่น,10,หนองสองห้อง,ดงเค็ง,12,12,208,100,220,100,98,2,120,98,0,42,1,2,1,51,1
result\normal\เขตเลือกตั้งที่10\หนองสองห้อง\ดงเค็ง\หน่วยที่13หมู่ที่13.json,เขตเลือกตั้งที่10\หนองสองห้อง\ดงเค็ง\หน่วยที่13หมู่ที่13.pdf,ส.ส. ๕/๑๘,ขอนแก่น,10,หนองสองห้อง,ดงเค็ง,13,13,547,337,520,337,325,8,183,325,4,157,1,24,3,138,2
result\normal\เขตเลือกตั้งที่10\หนองสองห้อง\ดงเค็ง\หน่วยที่1หมู่ที่1.json,เขตเลือกตั้งที่10\หนองสองห้อง\ดงเค็ง\หน่วยที่1หมู่ที่1.pdf,ส.ส. ๕/๑๘,ขอนแก่น,10,หนองสองห้อง,ดงเค็ง,1,1,464,245,500,245,231,8,255,231,6,83,2,20,0,125,1
result\normal\เขตเลือกตั้งที่10\หนองสองห้อง\ดงเค็ง\หน่วยที่2หมู่ที่2.json,เขตเลือกตั้งที่10\หนองสองห้อง\ดงเค็ง\หน่วยที่2หมู่ที่2.pdf,ส.ส. ๕/๑๘,ขอนแก่น,10,หนองสองห้อง,ดงเค็ง,2,2,538,291,500,291,276,12,209,276,3,97,0,49,1,128,1
result\normal\เขตเลือกตั้งที่10\หนองสองห้อง\ดงเค็ง\หน่วยที่3หมู่ที่3.json,เขตเลือกตั้งที่10\หนองสองห้อง\ดงเค็ง\หน่วยที่3หมู่ที่3.pdf,ส.ส. ๕/๑๘,ขอนแก่น,10,หนองสองห้อง,ดงเค็ง,3,3,533,275,520,275,264,9,245,264,2,137,5,28,0,94,0
result\normal\เขตเลือกตั้งที่10\หนองสองห้อง\ดงเค็ง\หน่วยที่4หมู่ที่4.json,เขตเลือกตั้งที่10\หนองสองห้อง\ดงเค็ง\หน่วยที่4หมู่ที่4.pdf,ส.ส. ๕/๑๘,ขอนแก่น,10,หนองสองห้อง,ดงเค็ง,4,4,186,97,180,97,89,7,83,89,1,61,0,4,0,24,0
result\normal\เขตเลือกตั้งที่10\หนองสองห้อง\ดงเค็ง\หน่วยที่5หมู่ที่5.json,เขตเลือกตั้งที่10\หนองสองห้อง\ดงเค็ง\หน่วยที่5หมู่ที่5.pdf,ส.ส. ๕/๑๘,ขอนแก่น,10,หนองสองห้อง,ดงเค็ง,5,5,529,272,520,272,260,9,248,260,3,99,5,21,0,133,2
result\normal\เขตเลือกตั้งที่10\หนองสองห้อง\ดงเค็ง\หน่วยที่6หมู่ที่2.json,เขตเลือกตั้งที่10\หนองสองห้อง\ดงเค็ง\หน่วยที่6หมู่ที่2.pdf,ส.ส. ๕/๑๘,ขอนแก่น,10,หนองสองห้อง,ดงเค็ง,2,6,392,209,360,209,197,9,151,197,3,79,1,17,0,100,0
result\normal\เขตเลือกตั้งที่10\หนองสองห้อง\ดงเค็ง\หน่วยที่7หมู่ที่7.json,เขตเลือกตั้งที่10\หนองสองห้อง\ดงเค็ง\หน่วยที่7หมู่ที่7.pdf,ส.ส. ๕/๑๘,ขอนแก่น,10,หนองสองห้อง,ดงเค็ง,7,7,701,408,660,408,391,13,252,391,4,151,4,33,1,200,2
result\normal\เขตเลือกตั้งที่10\หนองสองห้อง\ดงเค็ง\หน่วยที่8หมู่ที่8.json,เขตเลือกตั้งที่10\หนองสองห้อง\ดงเค็ง\หน่วยที่8หมู่ที่8.pdf,ส.ส. ๕/๑๘,ขอนแก่น,10,หนองสองห้อง,ดงเค็ง,8,8,482,270,410,270,252,11,140,252,7,104,1,26,0,121,0
result\normal\เขตเลือกตั้งที่10\หนองสองห้อง\ดงเค็ง\หน่วยที่9หมู่ที่1.json,เขตเลือกตั้งที่10\หนองสองห้อง\ดงเค็ง\หน่วยที่9หมู่ที่1.pdf,ส.ส. ๕/๑๘,ขอนแก่น,10,หนองสองห้อง,ดงเค็ง,1,9,269,165,280,165,156,7,115,156,2,41,3,15,0,97,0
result\normal\เขตเลือกตั้งที่10\หนองสองห้อง\ดอนดั่ง\หน่วยที่10หมู่ที่10.json,เขตเลือกตั้งที่10\หนองสองห้อง\ดอนดั่ง\หน่วยที่10หมู่ที่10.pdf,ส.ส. ๕/๑๘,ขอนแก่น,10,หนองสองห้อง,ดอนดั่ง,10,10,98,76,100,76,73,1,24,73,2,42,1,7,0,23,0
result\normal\เขตเลือกตั้งที่10\หนองสองห้อง\ดอนดั่ง\หน่วยที่1หมู่ที่1.json,เขตเลือกตั้งที่10\หนองสองห้อง\ดอนดั่ง\หน่วยที่1หมู่ที่1.pdf,ส.ส. ๕/๑๘,ขอนแก่น,10,หนองสองห้อง,ดอนดั่ง,1,1,407,196,380,196,189,6,184,189,1,43,0,20,0,124,2
result\normal\เขตเลือกตั้งที่10\หนองสองห้อง\ดอนดั่ง\หน่วยที่2หมู่ที่2.json,เขตเลือกตั้งที่10\หนองสองห้อง\ดอนดั่ง\หน่วยที่2หมู่ที่2.pdf,ส.ส. ๕/๑๘,ขอนแก่น,10,หนองสองห้อง,ดอนดั่ง,2,2,478,282,460,282,273,8,178,273,1,109,2,25,1,136,0
result\normal\เขตเลือกตั้งที่10\หนองสองห้อง\ดอนดั่ง\หน่วยที่3หมู่ที่3.json,เขตเลือกตั้งที่10\หนองสองห้อง\ดอนดั่ง\หน่วยที่3หมู่ที่3.pdf,ส.ส. ๕/๑๘,ขอนแก่น,10,หนองสองห้อง,ดอนดั่ง,3,3,315,160,300,160,151,7,140,151,2,75,1,5,0,69,1
result\normal\เขตเลือกตั้งที่10\หนองสองห้อง\ดอนดั่ง\หน่วยที่4หมู่ที่4.json,เขตเลือกตั้งที่10\หนองสองห้อง\ดอนดั่ง\หน่วยที่4หมู่ที่4.pdf,ส.ส. ๕/๑๘,ขอนแก่น,10,หนองสองห้อง,ดอนดั่ง,4,4,624,398,620,398,386,9,222,386,3,99,6,55,1,222,3
result\normal\เขตเลือกตั้งที่10\หนองสองห้อง\ดอนดั่ง\หน่วยที่5หมู่ที่5.json,เขตเลือกตั้งที่10\หนองสองห้อง\ดอนดั่ง\หน่วยที่5หมู่ที่5.pdf,ส.ส. ๕/๑๘,ขอนแก่น,10,หนองสองห้อง,ดอนดั่ง,5,5,258,187,260,187,183,2,73,183,2,73,2,9,0,99,0
result\normal\เขตเลือกตั้งที่10\หนองสองห้อง\ดอนดั่ง\หน่วยที่6หมู่ที่6.json,เขตเลือกตั้งที่10\หนองสองห้อง\ดอนดั่ง\หน่วยที่6หมู่ที่6.pdf,ส.ส. ๕/๑๘,ขอนแก่น,10,หนองสองห้อง,ดอนดั่ง,6,6,325,203,320,203,195,6,117,195,2,80,1,14,0,100,0
result\normal\เขตเลือกตั้งที่10\หนองสองห้อง\ดอนดั่ง\หน่วยที่7หมู่ที่7.json,เขตเลือกตั้งที่10\หนองสองห้อง\ดอนดั่ง\หน่วยที่7หมู่ที่7.pdf,ส.ส. ๕/๑๘,ขอนแก่น,10,หนองสองห้อง,ดอนดั่ง,7,7,483,296,460,296,282,14,164,282,0,72,1,16,0,191,2
result\normal\เขตเลือกตั้งที่10\หนองสองห้อง\ดอนดั่ง\หน่วยที่8หมู่ที่8.json,เขตเลือกตั้งที่10\หนองสองห้อง\ดอนดั่ง\หน่วยที่8หมู่ที่8.pdf,ส.ส. ๕/๑๘,ขอนแก่น,10,หนองสองห้อง,ดอนดั่ง,8,8,344,208,360,208,202,6,152,202,0,76,4,14,0,108,0
result\normal\เขตเลือกตั้งที่10\หนองสองห้อง\ดอนดั่ง\หน่วยที่9หมู่ที่9.json,เขตเลือกตั้งที่10\หนองสองห้อง\ดอนดั่ง\หน่วยที่9หมู่ที่9.pdf,ส.ส. ๕/๑๘,ขอนแก่น,10,หนองสองห้อง,ดอนดั่ง,9,9,277,170,280,170,161,6,110,161,3,60,2,16,2,80,1
result\normal\เขตเลือกตั้งที่10\หนองสองห้อง\ดอนดู่\หน่วยที่10หมู่ที่10.json,เขตเลือกตั้งที่10\หนองสองห้อง\ดอนดู่\หน่วยที่10หมู่ที่10.pdf,ส.ส. ๕/๑๘,ขอนแก่น,10,หนองสองห้อง,ดอนดู่,10,10,212,118,200,118,113,3,82,113,2,41,2,7,1,62,0
result\normal\เขตเลือกตั้งที่10\หนองสองห้อง\ดอนดู่\หน่วยที่11หมู่ที่11.json,เขตเลือกตั้งที่10\หนองสองห้อง\ดอนดู่\หน่วยที่11หมู่ที่11.pdf,ส.ส. ๕/๑๘,ขอนแก่น,10,หนองสองห้อง,ดอนดู่,11,11,263,148,260,148,135,13,112,135,0,54,4,6,0,71,0
result\normal\เขตเลือกตั้งที่10\หนองสองห้อง\ดอนดู่\หน่วยที่12หมู่ที่12.json,เขตเลือกตั้งที่10\หนองสองห้อง\ดอนดู่\หน่วยที่12หมู่ที่12.pdf,ส.ส. ๕/๑๘,ขอนแก่น,10,หนองสองห้อง,ดอนดู่,12,12,456,267,440,267,251,15,173,251,1,61,1,25,1,161,2
result\normal\เขตเลือกตั้งที่10\หนองสองห้อง\ดอนดู่\หน่วยที่1หมู่ที่1.json,เขตเลือกตั้งที่10\หนองสองห้อง\ดอนดู่\หน่วยที่1หมู่ที่1.pdf,ส.ส. ๕/๑๘,ขอนแก่น,10,หนองสองห้อง,ดอนดู่,1,1,798,437,760,437,424,12,323,424,1,157,1,27,0,239,0
result\normal\เขตเลือกตั้งที่10\หนองสองห้อง\ดอนดู่\หน่วยที่2หมู่ที่2.json,เขตเลือกตั้งที่10\หนองสองห้อง\ดอนดู่\หน่วยที่2หมู่ที่2.pdf,ส.ส. ๕/๑๘,ขอนแก่น,10,หนองสองห้อง,ดอนดู่,2,2,843,472,820,472,449,20,348,449,3,225,2,41,1,179,1
result\normal\เขตเลือกตั้งที่10\หนองสองห้อง\ดอนดู่\หน่วยที่3หมู่ที่3.json,เขตเลือกตั้งที่10\หนองสองห้อง\ดอนดู่\หน่วยที่3หมู่ที่3.pdf,ส.ส. ๕/๑๘,ขอนแก่น,10,หนองสองห้อง,ดอนดู่,3,3,717,358,680,358,340,15,322,340,3,99,1,24,0,216,0
result\normal\เขตเลือกตั้งที่10\หนองสองห้อง\ดอนดู่\หน่วยที่4หมู่ที่4.json,เขตเลือกตั้งที่10\หนองสองห้อง\ดอนดู่\หน่วยที่4หมู่ที่4.pdf,ส.ส. ๕/๑๘,ขอนแก่น,10,หนองสองห้อง,ดอนดู่,4,4,637,398,620,398,373,19,222,373,6,163,2,31,1,175,1
result\normal\เขตเลือกตั้งที่10\หนองสองห้อง\ดอนดู่\หน่วยที่5หมู่ที่5.json,เขตเลือกตั้งที่10\หนองสองห้อง\ดอนดู่\หน่วยที่5หมู่ที่5.pdf,ส.ส. ๕/๑๘,ขอนแก่น,10,หนองสองห้อง,ดอนดู่,5,5,431,260,410,260,248,11,150,248,1,51,2,27,0,168,0
result\normal\เขตเลือกตั้งที่10\หนองสองห้อง\ดอนดู่\หน่วยที่6หมู่ที่6.json,เขตเลือกตั้งที่10\หนองสองห้อง\ดอนดู่\หน่วยที่6หมู่ที่6.pdf,ส.ส. ๕/๑๘,ขอนแก่น,10,หนองสองห้อง,ดอนดู่,6,6,759,438,740,438,418,14,302,418,6,107,7,24,1,279,0
result\normal\เขตเลือกตั้งที่10\หนองสองห้อง\ดอนดู่\หน่วยที่7หมู่ที่7.json,เขตเลือกตั้งที่10\หนองสองห้อง\ดอนดู่\หน่วยที่7หมู่ที่7.pdf,ส.ส. ๕/๑๘,ขอนแก่น,10,หนองสองห้อง,ดอนดู่,7,7,375,209,380,209,202,7,171,202,0,106,1,11,0,84,0
result\normal\เขตเลือกตั้งที่10\หนองสองห้อง\ดอนดู่\หน่วยที่8หมู่ที่8.json,เขตเลือกตั้งที่10\หนองสองห้อง\ดอนดู่\หน่วยที่8หมู่ที่8.pdf,ส.ส. ๕/๑๘,ขอนแก่น,10,หนองสองห้อง,ดอนดู่,8,8,574,345,560,345,332,13,215,332,0,124,0,23,0,185,0
result\normal\เขตเลือกตั้งที่10\หนองสองห้อง\ดอนดู่\หน่วยที่9หมู่ที่9.json,เขตเลือกตั้งที่10\หนองสองห้อง\ดอนดู่\หน่วยที่9หมู่ที่9.pdf,ส.ส. ๕/๑๘,ขอนแก่น,10,หนองสองห้อง,ดอนดู่,9,9,717,348,680,348,327,19,332,327,2,113,4,20,1,187,2
result\normal\เขตเลือกตั้งที่10\หนองสองห้อง\ตะกั่วป่า\หน่วยที่10หมู่ที่10.json,เขตเลือกตั้งที่10\หนองสองห้อง\ตะกั่วป่า\หน่วยที่10หมู่ที่10.pdf,ส.ส. ๕/๑๘,ขอนแก่น,10,หนองสองห้อง,ตะกั่วป่า,10,10,164,114,160,114,110,3,46,110,1,51,2,6,0,50,1
result\normal\เขตเลือกตั้งที่10\หนองสองห้อง\ตะกั่วป่า\หน่วยที่1หมู่ที่1.json,เขตเลือกตั้งที่10\หนองสองห้อง\ตะกั่วป่า\หน่วยที่1หมู่ที่1.pdf,ส.ส. ๕/๑๘,ขอนแก่น,10,หนองสองห้อง,ตะกั่วป่า,1,1,672,398,640,398,391,5,242,391,2,164,1,30,4,192,0
result\normal\เขตเลือกตั้งที่10\หนองสองห้อง\ตะกั่วป่า\หน่วยที่2หมู่ที่2.json,เขตเลือกตั้งที่10\หนองสองห้อง\ตะกั่วป่า\หน่วยที่2หมู่ที่2.pdf,ส.ส. ๕/๑๘,ขอนแก่น,10,หนองสองห้อง,ตะกั่วป่า,2,2,367,214,360,214,202,10,146,202,2,110,0,4,0,88,0
result\normal\เขตเลือกตั้งที่10\หนองสองห้อง\ตะกั่วป่า\หน่วยที่3หมู่ที่3.json,เขตเลือกตั้งที่10\หนองสองห้อง\ตะกั่วป่า\หน่วยที่3หมู่ที่3.pdf,ส.ส. ๕/๑๘,ขอนแก่น,10,หนองสองห้อง,ตะกั่วป่า,3,3,746,433,700,433,405,17,267,405,11,146,4,26,0,229,0
result\normal\เขตเลือกตั้งที่10\หนองสองห้อง\ตะกั่วป่า\หน่วยที่4หมู่ที่4.json,เขตเลือกตั้งที่10\หนองสองห้อง\ตะกั่วป่า\หน่วยที่4หมู่ที่4.pdf,ส.ส. ๕/๑๘,ขอนแก่น,10,หนองสองห้อง,ตะกั่วป่า,4,4,189,134,180,134,127,6,46,127,1,82,2,6,0,37,0
result\normal\เขตเลือกตั้งที่10\หนองสองห้อง\ตะกั่วป่า\หน่วยที่5หมู่ที่5.json,เขตเลือกตั้งที่10\หนองสองห้อง\ตะกั่วป่า\หน่วยที่5หมู่ที่5.pdf,ส.ส. ๕/๑๘,ขอนแก่น,10,หนองสองห้อง,ตะกั่วป่า,5,5,824,534,800,534,507,18,266,507,9,136,4,51,4,309,3
result\normal\เขตเลือกตั้งที่10\หนองสองห้อง\ตะกั่วป่า\หน่วยที่6หมู่ที่6.json,เขตเลือกตั้งที่10\หนองสองห้อง\ตะกั่วป่า\หน่วยที่6หมู่ที่6.pdf,ส.ส. ๕/๑๘,ขอนแก่น,10,หนองสองห้อง,ตะกั่วป่า,6,6,493,291,450,291,277,14,159,277,0,151,0,15,0,110,1
result\normal\เขตเลือกตั้งที่10\หนองสองห้อง\ตะกั่วป่า\หน่วยที่7หมู่ที่7.json,เขตเลือกตั้งที่10\หนองสองห้อง\ตะกั่วป่า\หน่วยที่7หมู่ที่7.pdf,ส.ส. ๕/๑๘,ขอนแก่น,10,หนองสองห้อง,ตะกั่วป่า,7,7,437,259,520,259,243,10,261,243,6,113,1,11,0,116,2
result\normal\เขตเลือกตั้งที่10\หนองสองห้อง\ตะกั่วป่า\หน่วยที่8หมู่ที่8.json,เขตเลือกตั้งที่10\หนองสองห้อง\ตะกั่วป่า\หน่วยที่8หมู่ที่8.pdf,ส.ส. ๕/๑๘,ขอนแก่น,10,หนองสองห้อง,ตะกั่วป่า,8,8,634,391,620,391,372,13,229,372,6,141,3,27,3,195,3
result\normal\เขตเลือกตั้งที่10\หนองสองห้อง\ตะกั่วป่า\หน่วยที่9หมู่ที่9.json,เขตเลือกตั้งที่10\หนองสองห้อง\ตะกั่วป่า\หน่วยที่9หมู่ที่9.pdf,ส.ส. ๕/๑๘,ขอนแก่น,10,หนองสองห้อง,ตะกั่วป่า,9,9,203,143,220,143,136,5,77,136,2,59,2,11,0,63,1
result\normal\เขตเลือกตั้งที่10\หนองสองห้อง\วังหิน\หน่วยที่1หมู่ที่1.json,เขตเลือกตั้งที่10\หนองสองห้อง\วังหิน\หน่วยที่1หมู่ที่1.pdf,ส.ส. ๕/๑๘,ขอนแก่น,10,หนองสองห้อง,วังหิน,1,1,413,293,400,293,282,9,107,282,2,110,3,14,1,154,0
result\normal\เขตเลือกตั้งที่10\หนองสองห้อง\วังหิน\หน่วยที่2หมู่ที่2.json,เขตเลือกตั้งที่10\หนองสองห้อง\วังหิน\หน่วยที่2หมู่ที่2.pdf,ส.ส. ๕/๑๘,ขอนแก่น,10,หนองสองห้อง,วังหิน,2,2,534,369,520,369,339,27,151,339,3,119,3,29,4,184,0
result\normal\เขตเลือกตั้งที่10\หนองสองห้อง\วังหิน\หน่วยที่3หมู่ที่3.json,เขตเลือกตั้งที่10\หนองสองห้อง\วังหิน\หน่วยที่3หมู่ที่3.pdf,ส.ส. ๕/๑๘,ขอนแก่น,10,หนองสองห้อง,วังหิน,3,3,545,420,600,420,396,19,180,396,5,184,6,40,1,164,1
result\normal\เขตเลือกตั้งที่10\หนองสองห้อง\วังหิน\หน่วยที่4หมู่ที่4.json,เขตเลือกตั้งที่10\หนองสองห้อง\วังหิน\หน่วยที่4หมู่ที่4.pdf,ส.ส. ๕/๑๘,ขอนแก่น,10,หนองสองห้อง,วังหิน,4,4,417,238,400,238,219,16,162,219,3,143,3,11,0,62,0
result\normal\เขตเลือกตั้งที่10\หนองสองห้อง\วังหิน\หน่วยที่5หมู่ที่5.json,เขตเลือกตั้งที่10\หนองสองห้อง\วังหิน\หน่วยที่5หมู่ที่5.pdf,ส.ส. ๕/๑๘,ขอนแก่น,10,หนองสองห้อง,วังหิน,5,5,445,285,440,285,262,21,155,262,2,109,6,28,1,117,1
result\normal\เขตเลือกตั้งที่10\หนองสองห้อง\วังหิน\หน่วยที่6หมู่ที่6.json,เขตเลือกตั้งที่10\หนองสองห้อง\วังหิน\หน่วยที่6หมู่ที่6.pdf,ส.ส. ๕/๑๘,ขอนแก่น,10,หนองสองห้อง,วังหิน,6,6,622,445,600,445,424,15,155,424,6,197,7,26,2,191,1
result\normal\เขตเลือกตั้งที่10\หนองสองห้อง\วังหิน\หน่วยที่7หมู่ที่7.json,เขตเลือกตั้งที่10\หนองสองห้อง\วังหิน\หน่วยที่7หมู่ที่7.pdf,ส.ส. ๕/๑๘,ขอนแก่น,10,หนองสองห้อง,วังหิน,7,7,472,315,440,315,295,14,125,295,6,106,2,28,0,159,0
result\normal\เขตเลือกตั้งที่10\หนองสองห้อง\วังหิน\หน่วยที่8หมู่ที่9.json,เขตเลือกตั้งที่10\หนองสองห้อง\วังหิน\หน่วยที่8หมู่ที่9.pdf,ส.ส. ๕/๑๘,ขอนแก่น,10,หนองสองห้อง,วังหิน,9,8,279,172,300,172,162,10,128,162,0,92,1,10,0,58,1
result\normal\เขตเลือกตั้งที่10\หนองสองห้อง\สำโรง\หน่วยที่1หมู่ที่1.json,เขตเลือกตั้งที่10\หนองสองห้อง\สำโรง\หน่วยที่1หมู่ที่1.pdf,ส.ส. ๕/๑๘,ขอนแก่น,10,หนองสองห้อง,สำโรง,1,1,608,378,580,378,356,16,202,356,6,184,5,23,3,139,2
result\normal\เขตเลือกตั้งที่10\หนองสองห้อง\สำโรง\หน่วยที่2หมู่ที่2.json,เขตเลือกตั้งที่10\หนองสองห้อง\สำโรง\หน่วยที่2หมู่ที่2.pdf,ส.ส. ๕/๑๘,ขอนแก่น,10,หนองสองห้อง,สำโรง,2,2,544,304,520,304,288,11,216,288,5,116,5,15,2,149,1
result\normal\เขตเลือกตั้งที่10\หนองสองห้อง\สำโรง\หน่วยที่3หมู่ที่3.json,เขตเลือกตั้งที่10\หนองสองห้อง\สำโรง\หน่วยที่3หมู่ที่3.pdf,ส.ส. ๕/๑๘,ขอนแก่น,10,หนองสองห้อง,สำโรง,3,3,521,303,540,303,285,13,237,285,5,111,3,28,3,140,0
result\normal\เขตเลือกตั้งที่10\หนองสองห้อง\สำโรง\หน่วยที่4หมู่ที่4.json,เขตเลือกตั้งที่10\หนองสองห้อง\สำโรง\หน่วยที่4หมู่ที่4.pdf,ส.ส. ๕/๑๘,ขอนแก่น,10,หนองสองห้อง,สำโรง,4,4,285,177,280,177,154,20,103,154,3,87,1,10,0,55,1
result\normal\เขตเลือกตั้งที่10\หนองสองห้อง\สำโรง\หน่วยที่5หมู่ที่5.json,เขตเลือกตั้งที่10\หนองสองห้อง\สำโรง\หน่วยที่5หมู่ที่5.pdf,ส.ส. ๕/๑๘,ขอนแก่น,10,หนองสองห้อง,สำโรง,5,5,411,262,400,262,245,10,138,245,7,112,4,23,0,104,2
result\normal\เขตเลือกตั้งที่10\หนองสองห้อง\สำโรง\หน่วยที่6หมู่ที่6.json,เขตเลือกตั้งที่10\หนองสองห้อง\สำโรง\หน่วยที่6หมู่ที่6.pdf,ส.ส. ๕/๑๘,ขอนแก่น,10,หนองสองห้อง,สำโรง,6,6,551,342,520,342,331,8,178,331,3,113,4,20,1,193,0
result\normal\เขตเลือกตั้งที่10\หนองสองห้อง\สำโรง\หน่วยที่7หมู่ที่7.json,เขตเลือกตั้งที่10\หนองสองห้อง\สำโรง\หน่วยที่7หมู่ที่7.pdf,ส.ส. ๕/๑๘,ขอนแก่น,10,หนองสองห้อง,สำโรง,7,7,592,339,580,339,322,17,241,322,0,153,5,43,2,117,2
result\normal\เขตเลือกตั้งที่10\หนองสองห้อง\สำโรง\หน่วยที่8หมู่ที่8.json,เขตเลือกตั้งที่10\หนองสองห้อง\สำโรง\หน่วยที่8หมู่ที่8.pdf,ส.ส. ๕/๑๘,ขอนแก่น,10,หนองสองห้อง,สำโรง,8,8,614,404,600,404,372,25,196,372,7,188,9,49,0,126,0
result\normal\เขตเลือกตั้งที่10\หนองสองห้อง\สำโรง\หน่วยที่9หมู่ที่9.json,เขตเลือกตั้งที่10\หนองสองห้อง\สำโรง\หน่วยที่9หมู่ที่9.pdf,ส.ส. ๕/๑๘,ขอนแก่น,10,หนองสองห้อง,สำโรง,9,9,417,229,420,229,221,7,191,221,1,105,2,17,2,94,1
result\normal\เขตเลือกตั้งที่10\หนองสองห้อง\หนองสองห้อง\หน่วยที่10หมู่ที่7.json,เขตเลือกตั้งที่10\หนองสองห้อง\หนองสองห้อง\หน่วยที่10หมู่ที่7.pdf,ส.ส. ๕/๑๘,ขอนแก่น,10,หนองสองห้อง,หนองสองห้อง,7,10,360,181,340,181,175,6,159,175,0,67,2,17,0,88,1
result\normal\เขตเลือกตั้งที่10\หนองสองห้อง\หนองสองห้อง\หน่วยที่11หมู่ที่8.json,เขตเลือกตั้งที่10\หนองสองห้อง\หนองสองห้อง\หน่วยที่11หมู่ที่8.pdf,ส.ส. ๕/๑๘,ขอนแก่น,10,หนองสองห้อง,หนองสองห้อง,8,11,854,448,800,448,431,14,352,431,3,128,4,33,2,263,1
result\normal\เขตเลือกตั้งที่10\หนองสองห้อง\หนองสองห้อง\หน่วยที่12หมู่ที่9.json,เขตเลือกตั้งที่10\หนองสองห้อง\หนองสองห้อง\หน่วยที่12หมู่ที่9.pdf,ส.ส. ๕/๑๘,ขอนแก่น,10,หนองสองห้อง,หนองสองห้อง,9,12,356,200,340,200,193,7,140,193,0,64,0,13,0,116,0
result\normal\เขตเลือกตั้งที่10\หนองสองห้อง\หนองสองห้อง\หน่วยที่13หมู่ที่10.json,เขตเลือกตั้งที่10\หนองสองห้อง\หนองสองห้อง\หน่วยที่13หมู่ที่10.pdf,ส.ส. ๕/๑๘,ขอนแก่น,10,หนองสองห้อง,หนองสองห้อง,10,13,351,210,340,210,199,7,130,199,4,71,2,16,0,109,1
result\normal\เขตเลือกตั้งที่10\หนองสองห้อง\หนองสองห้อง\หน่วยที่14หมู่ที่11.json,เขตเลือกตั้งที่10\หนองสองห้อง\หนองสองห้อง\หน่วยที่14หมู่ที่11.pdf,ส.ส. ๕/๑๘,ขอนแก่น,10,หนองสองห้อง,หนองสองห้อง,11,14,439,257,420,257,245,7,163,245,5,74,1,17,0,153,0
result\normal\เขตเลือกตั้งที่10\หนองสองห้อง\หนองสองห้อง\หน่วยที่15หมู่ที่12.json,เขตเลือกตั้งที่10\หนองสองห้อง\หนองสองห้อง\หน่วยที่15หมู่ที่12.pdf,ส.ส. ๕/๑๘,ขอนแก่น,10,หนองสองห้อง,หนองสองห้อง,12,15,491,283,460,283,264,14,177,264,5,79,1,19,0,161,4
result\normal\เขตเลือกตั้งที่10\หนองสองห้อง\หนองสองห้อง\หน่วยที่16หมู่ที่13.json,เขตเลือกตั้งที่10\หนองสองห้อง\หนองสองห้อง\หน่วยที่16หมู่ที่13.pdf,ส.ส. ๕/๑๘,ขอนแก่น,10,หนองสองห้อง,หนองสองห้อง,13,16,366,164,360,164,156,8,196,156,0,54,1,8,0,92,1
result\normal\เขตเลือกตั้งที่10\หนองสองห้อง\หนองสองห้อง\หน่วยที่17หมู่ที่14.json,เขตเลือกตั้งที่10\หนองสองห้อง\หนองสองห้อง\หน่วยที่17หมู่ที่14.pdf,ส.ส. ๕/๑๘,ขอนแก่น,10,หนองสองห้อง,หนองสองห้อง,14,17,351,201,340,201,189,12,139,189,0,75,0,5,1,108,0
result\normal\เขตเลือกตั้งที่10\หนองสองห้อง\หนองสองห้อง\หน่วยที่18หมู่ที่15.json,เขตเลือกตั้งที่10\หนองสองห้อง\หนองสองห้อง\หน่วยที่18หมู่ที่15.pdf,ส.ส. ๕/๑๘,ขอนแก่น,10,หนองสองห้อง,หนองสองห้อง,15,18,86,45,100,45,43,1,55,43,1,13,1,1,0,28,0
result\normal\เขตเลือกตั้งที่10\หนองสองห้อง\หนองสองห้อง\หน่วยที่1หมู่ที่1.json,เขตเลือกตั้งที่10\หนองสองห้อง\หนองสองห้อง\หน่วยที่1หมู่ที่1.pdf,ส.ส. ๕/๑๘,ขอนแก่น,10,หนองสองห้อง,หนองสองห้อง,1,1,711,463,680,463,446,10,217,446,7,167,4,34,7,227,7
result\normal\เขตเลือกตั้งที่10\หนองสองห้อง\หนองสองห้อง\หน่วยที่2หมู่ที่2.json,เขตเลือกตั้งที่10\หนองสองห้อง\หนองสองห้อง\หน่วยที่2หมู่ที่2.pdf,ส.ส. ๕/๑๘,ขอนแก่น,10,หนองสองห้อง,หนองสองห้อง,2,2,699,492,660,492,463,21,168,463,8,187,2,24,1,247,2
result\normal\เขตเลือกตั้งที่10\หนองสองห้อง\หนองสองห้อง\หน่วยที่3หมู่ที่3.json,เขตเลือกตั้งที่10\หนองสองห้อง\หนองสองห้อง\หน่วยที่3หมู่ที่3.pdf,ส.ส. ๕/๑๘,ขอนแก่น,10,หนองสองห้อง,หนองสองห้อง,3,3,711,472,660,472,455,9,188,455,8,159,2,44,5,245,0
result\normal\เขตเลือกตั้งที่10\หนองสองห้อง\หนองสองห้อง\หน่วยที่4หมู่ที่4.json,เขตเลือกตั้งที่10\หนองสองห้อง\หนองสองห้อง\หน่วยที่4หมู่ที่4.pdf,ส.ส. ๕/๑๘,ขอนแก่น,10,หนองสองห้อง,หนองสองห้อง,4,4,475,309,460,309,293,11,151,293,5,120,1,21,1,147,3
result\normal\เขตเลือกตั้งที่10\หนองสองห้อง\หนองสองห้อง\หน่วยที่5หมู่ที่16.json,เขตเลือกตั้งที่10\หนองสองห้อง\หนองสองห้อง\หน่วยที่5หมู่ที่3.pdf,ส.ส. ๕/๑๘,ขอนแก่น,10,หนองสองห้อง,หนองสองห้อง,3,5,711,472,660,472,455,9,188,455,8,159,2,44,5,245,0
result\normal\เขตเลือกตั้งที่10\หนองสองห้อง\หนองสองห้อง\หน่วยที่6หมู่ที่17.json,เขตเลือกตั้งที่10\หนองสองห้อง\หนองสองห้อง\หน่วยที่6หมู่ที่17.pdf,ส.ส. ๕/๑๘,ขอนแก่น,10,หนองสองห้อง,หนองสองห้อง,17,6,700,438,680,438,419,13,242,419,6,101,1,33,1,281,2
result\normal\เขตเลือกตั้งที่10\หนองสองห้อง\หนองสองห้อง\หน่วยที่7หมู่ที่18.json,เขตเลือกตั้งที่10\หนองสองห้อง\หนองสองห้อง\หน่วยที่7หมู่ที่18.pdf,ส.ส. ๕/๑๘,ขอนแก่น,10,หนองสองห้อง,หนองสองห้อง,18,7,900,645,920,645,601,38,275,601,6,240,1,42,3,310,5
result\normal\เขตเลือกตั้งที่10\หนองสองห้อง\หนองสองห้อง\หน่วยที่8หมู่ที่5.json,เขตเลือกตั้งที่10\หนองสองห้อง\หนองสองห้อง\หน่วยที่8หมู่ที่5.pdf,ส.ส. ๕/๑๘,ขอนแก่น,10,หนองสองห้อง,หนองสองห้อง,5,8,416,225,400,225,214,9,175,214,2,87,2,22,1,100,2
result\normal\เขตเลือกตั้งที่10\หนองสองห้อง\หนองสองห้อง\หน่วยที่9หมู่ที่6.json,เขตเลือกตั้งที่10\หนองสองห้อง\หนองสองห้อง\หน่วยที่9หมู่ที่6.pdf,ส.ส. ๕/๑๘,ขอนแก่น,10,หนองสองห้อง,หนองสองห้อง,6,9,714,411,680,411,395,11,269,395,5,160,1,23,0,211,0
result\normal\เขตเลือกตั้งที่10\หนองสองห้อง\หนองเม็ก\หน่วยที่10หมู่ที่8.json,เขตเลือกตั้งที่10\หนองสองห้อง\หนองเม็ก\หน่วยที่10หมู่ที่8.pdf,ส.ส. ๕/๑๘,ขอนแก่น,10,หนองสองห้อง,หนองเม็ก,8,10,669,431,640,431,411,18,209,411,2,144,1,54,0,210,2
result\normal\เขตเลือกตั้งที่10\หนองสองห้อง\หนองเม็ก\หน่วยที่11หมู่ที่9.json,เขตเลือกตั้งที่10\หนองสองห้อง\หนองเม็ก\หน่วยที่11หมู่ที่9.pdf,ส.ส. ๕/๑๘,ขอนแก่น,10,หนองสองห้อง,หนองเม็ก,9,11,276,217,280,217,211,4,63,211,2,87,1,12,1,109,1
result\normal\เขตเลือกตั้งที่10\หนองสองห้อง\หนองเม็ก\หน่วยที่12หมู่ที่10.json,เขตเลือกตั้งที่10\หนองสองห้อง\หนองเม็ก\หน่วยที่12หมู่ที่10.pdf,ส.ส. ๕/๑๘,ขอนแก่น,10,หนองสองห้อง,หนองเม็ก,10,12,381,236,360,236,229,6,124,229,1,85,0,19,0,124,1
result\normal\เขตเลือกตั้งที่10\หนองสองห้อง\หนองเม็ก\หน่วยที่13หมู่ที่11.json,เขตเลือกตั้งที่10\หนองสองห้อง\หนองเม็ก\หน่วยที่13หมู่ที่11.pdf,ส.ส. ๕/๑๘,ขอนแก่น,10,หนองสองห้อง,หนองเม็ก,11,13,294,159,280,159,157,1,121,157,1,86,1,29,1,40,0
result\normal\เขตเลือกตั้งที่10\หนองสองห้อง\หนองเม็ก\หน่วยที่14หมู่ที่12.json,เขตเลือกตั้งที่10\หนองสองห้อง\หนองเม็ก\หน่วยที่14หมู่ที่12.pdf,ส.ส. ๕/๑๘,ขอนแก่น,10,หนองสองห้อง,หนองเม็ก,12,14,435,264,420,264,246,15,156,246,3,117,1,21,3,104,0
result\normal\เขตเลือกตั้งที่10\หนองสองห้อง\หนองเม็ก\หน่วยที่15หมู่ที่12.json,เขตเลือกตั้งที่10\หนองสองห้อง\หนองเม็ก\หน่วยที่15หมู่ที่12.pdf,ส.ส. ๕/๑๘,ขอนแก่น,10,หนองสองห้อง,หนองเม็ก,12,15,191,112,200,112,111,1,88,111,0,43,1,6,0,61,0
result\normal\เขตเลือกตั้งที่10\หนองสองห้อง\หนองเม็ก\หน่วยที่16หมู่ที่14.json,เขตเลือกตั้งที่10\หนองสองห้อง\หนองเม็ก\หน่วยที่16หมู่ที่14.pdf,ส.ส. ๕/๑๘,ขอนแก่น,10,หนองสองห้อง,หนองเม็ก,14,16,188,112,180,112,107,4,68,107,1,23,2,8,0,73,1
result\normal\เขตเลือกตั้งที่10\หนองสองห้อง\หนองเม็ก\หน่วยที่17หมู่ที่15.json,เขตเลือกตั้งที่10\หนองสองห้อง\หนองเม็ก\หน่วยที่17หมู่ที่15.pdf,ส.ส. ๕/๑๘,ขอนแก่น,10,หนองสองห้อง,หนองเม็ก,15,17,437,308,440,308,297,6,132,297,5,111,3,23,0,160,0
result\normal\เขตเลือกตั้งที่10\หนองสองห้อง\หนองเม็ก\หน่วยที่1หมู่ที่1.json,เขตเลือกตั้งที่10\หนองสองห้อง\หนองเม็ก\หน่วยที่1หมู่ที่2.pdf,ส.ส. ๕/๑๘,ขอนแก่น,10,หนองสองห้อง,หนองเม็ก,2,1,489,294,500,294,276,8,206,276,10,89,3,15,1,168,0
result\normal\เขตเลือกตั้งที่10\หนองสองห้อง\หนองเม็ก\หน่วยที่2หมู่ที่1.json,เขตเลือกตั้งที่10\หนองสองห้อง\หนองเม็ก\หน่วยที่2หมู่ที่1.pdf,ส.ส. ๕/๑๘,ขอนแก่น,10,หนองสองห้อง,หนองเม็ก,1,2,427,296,420,296,282,8,124,282,6,91,2,24,1,163,1
result\normal\เขตเลือกตั้งที่10\หนองสองห้อง\หนองเม็ก\หน่วยที่3หมู่ที่2.json,เขตเลือกตั้งที่10\หนองสองห้อง\หนองเม็ก\หน่วยที่3หมู่ที่2.pdf,ส.ส. ๕/๑๘,ขอนแก่น,10,หนองสองห้อง,หนองเม็ก,2,3,352,230,340,230,212,14,110,212,4,107,0,22,0,83,0
result\normal\เขตเลือกตั้งที่10\หนองสองห้อง\หนองเม็ก\หน่วยที่4หมู่ที่3.json,เขตเลือกตั้งที่10\หนองสองห้อง\หนองเม็ก\หน่วยที่4หมู่ที่3.pdf,ส.ส. ๕/๑๘,ขอนแก่น,10,หนองสองห้อง,หนองเม็ก,3,4,290,179,300,179,176,3,121,176,0,52,1,6,1,116,0
result\normal\เขตเลือกตั้งที่10\หนองสองห้อง\หนองเม็ก\หน่วยที่5หมู่ที่4.json,เขตเลือกตั้งที่10\หนองสองห้อง\หนองเม็ก\หน่วยที่5หมู่ที่4.pdf,ส.ส. ๕/๑๘,ขอนแก่น,10,หนองสองห้อง,หนองเม็ก,4,5,537,304,520,304,290,11,216,290,3,103,3,28,0,156,0
result\normal\เขตเลือกตั้งที่10\หนองสองห้อง\หนองเม็ก\หน่วยที่6หมู่ที่4.json,เขตเลือกตั้งที่10\หนองสองห้อง\หนองเม็ก\หน่วยที่6หมู่ที่4.pdf,ส.ส. ๕/๑๘,ขอนแก่น,10,หนองสองห้อง,หนองเม็ก,4,6,539,352,520,352,339,11,168,339,2,148,2,20,1,167,1
result\normal\เขตเลือกตั้งที่10\หนองสองห้อง\หนองเม็ก\หน่วยที่7หมู่ที่5.json,เขตเลือกตั้งที่10\หนองสองห้อง\หนองเม็ก\หน่วยที่7หมู่ที่5.pdf,ส.ส. ๕/๑๘,ขอนแก่น,10,หนองสองห้อง,หนองเม็ก,5,7,482,298,480,298,285,10,182,285,3,129,5,47,1,102,1
result\normal\เขตเลือกตั้งที่10\หนองสองห้อง\หนองเม็ก\หน่วยที่8หมู่ที่6.json,เขตเลือกตั้งที่10\หนองสองห้อง\หนองเม็ก\หน่วยที่8หมู่ที่6.pdf,ส.ส. ๕/๑๘,ขอนแก่น,10,หนองสองห้อง,หนองเม็ก,6,8,258,175,210,175,170,5,35,170,0,48,1,16,2,103,0
result\normal\เขตเลือกตั้งที่10\หนองสองห้อง\หนองเม็ก\หน่วยที่9หมู่ที่7.json,เขตเลือกตั้งที่10\หนองสองห้อง\หนองเม็ก\หน่วยที่9หมู่ที่7.pdf,ส.ส. ๕/๑๘,ขอนแก่น,10,หนองสองห้อง,หนองเม็ก,7,9,303,188,300,188,174,6,112,174,8,72,3,18,3,78,0
result\normal\เขตเลือกตั้งที่10\หนองสองห้อง\หนองไผ่ล้อม\หน่วยที่1หมู่ที่1.json,เขตเลือกตั้งที่10\หนองสองห้อง\หนองไผ่ล้อม\หน่วยที่1หมู่ที่1.pdf,ส.ส. ๕/๑๘,ขอนแก่น,10,หนองสองห้อง,หนองไผ่ล้อม,1,1,421,269,400,269,260,8,131,260,1,86,1,16,0,156,1
result\normal\เขตเลือกตั้งที่10\หนองสองห้อง\หนองไผ่ล้อม\หน่วยที่2หมู่ที่2.json,เขตเลือกตั้งที่10\หนองสองห้อง\หนองไผ่ล้อม\หน่วยที่2หมู่ที่2.pdf,ส.ส. ๕/๑๘,ขอนแก่น,10,หนองสองห้อง,หนองไผ่ล้อม,2,2,396,239,380,239,225,8,141,225,6,94,0,17,0,114,0
result\normal\เขตเลือกตั้งที่10\หนองสองห้อง\หนองไผ่ล้อม\หน่วยที่3หมู่ที่3.json,เขตเลือกตั้งที่10\หนองสองห้อง\หนองไผ่ล้อม\หน่วยที่3หมู่ที่3.pdf,ส.ส. ๕/๑๘,ขอนแก่น,10,หนองสองห้อง,หนองไผ่ล้อม,3,3,459,271,440,271,256,15,169,256,0,84,0,27,1,137,7
result\normal\เขตเลือกตั้งที่10\หนองสองห้อง\หนองไผ่ล้อม\หน่วยที่4หมู่ที่4.json,เขตเลือกตั้งที่10\หนองสองห้อง\หนองไผ่ล้อม\หน่วยที่4หมู่ที่4.pdf,ส.ส. ๕/๑๘,ขอนแก่น,10,หนองสองห้อง,หนองไผ่ล้อม,4,4,723,449,700,449,442,6,251,442,1,167,2,32,3,237,1
result\normal\เขตเลือกตั้งที่10\หนองสองห้อง\หนองไผ่ล้อม\หน่วยที่5หมู่ที่5.json,เขตเลือกตั้งที่10\หนองสองห้อง\หนองไผ่ล้อม\หน่วยที่5หมู่ที่5.pdf,ส.ส. ๕/๑๘,ขอนแก่น,10,หนองสองห้อง,หนองไผ่ล้อม,5,5,312,0,300,201,200,1,99,200,0,71,3,10,0,115,1
result\normal\เขตเลือกตั้งที่10\หนองสองห้อง\หนองไผ่ล้อม\หน่วยที่6หมู่ที่6.json,เขตเลือกตั้งที่10\หนองสองห้อง\หนองไผ่ล้อม\หน่วยที่6หมู่ที่6.pdf,ส.ส. ๕/๑๘,ขอนแก่น,10,หนองสองห้อง,หนองไผ่ล้อม,6,6,213,132,200,132,127,3,68,127,2,59,0,2,0,66,0
result\normal\เขตเลือกตั้งที่10\หนองสองห้อง\หนองไผ่ล้อม\หน่วยที่7หมู่ที่7.json,เขตเลือกตั้งที่10\หนองสองห้อง\หนองไผ่ล้อม\หน่วยที่7หมู่ที่7.pdf,ส.ส. ๕/๑๘,ขอนแก่น,10,หนองสองห้อง,หนองไผ่ล้อม,7,7,244,140,240,140,136,1,100,136,3,71,0,11,0,54,0
result\normal\เขตเลือกตั้งที่10\หนองสองห้อง\หนองไผ่ล้อม\หน่วยที่8หมู่ที่8.json,เขตเลือกตั้งที่10\หนองสองห้อง\หนองไผ่ล้อม\หน่วยที่8หมู่ที่8.pdf,ส.ส. ๕/๑๘,ขอนแก่น,10,หนองสองห้อง,หนองไผ่ล้อม,8,8,468,301,460,301,292,6,159,292,3,120,0,19,1,149,3
result\normal\เขตเลือกตั้งที่10\หนองสองห้อง\หนองไผ่ล้อม\หน่วยที่9หมู่ที่9.json,เขตเลือกตั้งที่10\หนองสองห้อง\หนองไผ่ล้อม\หน่วยที่9หมู่ที่1.pdf,ส.ส. ๕/๑๘,ขอนแก่น,10,หนองสองห้อง,หนองไผ่ล้อม,1,9,413,246,380,246,232,10,134,232,4,71,0,18,0,143,0
result\normal\เขตเลือกตั้งที่10\หนองสองห้อง\หันโจด\หน่วยที่10หมู่ที่10.json,เขตเลือกตั้งที่10\หนองสองห้อง\หันโจด\หน่วยที่10หมู่ที่10.pdf,ส.ส. ๕/๑๘,ขอนแก่น,10,หนองสองห้อง,หันโจด,10,10,116,74,116,74,73,1,42,73,0,46,2,5,0,20,0
result\normal\เขตเลือกตั้งที่10\หนองสองห้อง\หันโจด\หน่วยที่11หมู่ที่11.json,เขตเลือกตั้งที่10\หนองสองห้อง\หันโจด\หน่วยที่11หมู่ที่11.pdf,ส.ส. ๕/๑๘,ขอนแก่น,10,หนองสองห้อง,หันโจด,11,11,179,127,180,127,125,1,53,125,1,54,2,10,1,58,0
result\normal\เขตเลือกตั้งที่10\หนองสองห้อง\หันโจด\หน่วยที่12หมู่ที่12.json,เขตเลือกตั้งที่10\หนองสองห้อง\หันโจด\หน่วยที่12หมู่ที่12.pdf,ส.ส. ๕/๑๘,ขอนแก่น,10,หนองสองห้อง,หันโจด,12,12,175,111,160,111,105,6,49,105,0,45,0,4,0,56,0
result\normal\เขตเลือกตั้งที่10\หนองสองห้อง\หันโจด\หน่วยที่1หมู่ที่1.json,เขตเลือกตั้งที่10\หนองสองห้อง\หันโจด\หน่วยที่1หมู่ที่1.pdf,ส.ส. ๕/๑๘,ขอนแก่น,10,หนองสองห้อง,หันโจด,1,1,298,186,282,186,179,7,94,179,0,80,0,25,0,72,2
result\normal\เขตเลือกตั้งที่10\หนองสองห้อง\หันโจด\หน่วยที่2หมู่ที่2.json,เขตเลือกตั้งที่10\หนองสองห้อง\หันโจด\หน่วยที่2หมู่ที่2.pdf,ส.ส. ๕/๑๘,ขอนแก่น,10,หนองสองห้อง,หันโจด,2,2,433,272,415,272,257,13,143,257,2,103,1,28,0,125,0
result\normal\เขตเลือกตั้งที่10\หนองสองห้อง\หันโจด\หน่วยที่3หมู่ที่3.json,เขตเลือกตั้งที่10\หนองสองห้อง\หันโจด\หน่วยที่3หมู่ที่3.pdf,ส.ส. ๕/๑๘,ขอนแก่น,10,หนองสองห้อง,หันโจด,3,3,378,196,300,186,178,6,114,178,2,23,0,100,0,55,0
result\normal\เขตเลือกตั้งที่10\หนองสองห้อง\หันโจด\หน่วยที่4หมู่ที่4.json,เขตเลือกตั้งที่10\หนองสองห้อง\หันโจด\หน่วยที่4หมู่ที่4.pdf,ส.ส. ๕/๑๘,ขอนแก่น,10,หนองสองห้อง,หันโจด,4,4,745,172,770,172,161,7,598,161,4,124,0,11,0,24,2
result\normal\เขตเลือกตั้งที่10\หนองสองห้อง\หันโจด\หน่วยที่5หมู่ที่5.json,เขตเลือกตั้งที่10\หนองสองห้อง\หันโจด\หน่วยที่5หมู่ที่5.pdf,ส.ส. ๕/๑๘,ขอนแก่น,10,หนองสองห้อง,หันโจด,5,5,240,150,240,150,147,3,90,147,0,62,0,20,1,64,0
result\normal\เขตเลือกตั้งที่10\หนองสองห้อง\หันโจด\หน่วยที่6หมู่ที่6.json,เขตเลือกตั้งที่10\หนองสองห้อง\หันโจด\หน่วยที่6หมู่ที่6.pdf,ส.ส. ๕/๑๘,ขอนแก่น,10,หนองสองห้อง,หันโจด,6,6,428,228,400,228,222,5,172,222,1,111,3,31,0,77,0
result\normal\เขตเลือกตั้งที่10\หนองสองห้อง\หันโจด\หน่วยที่7หมู่ที่7.json,เขตเลือกตั้งที่10\หนองสองห้อง\หันโจด\หน่วยที่7หมู่ที่7.pdf,ส.ส. ๕/๑๘,ขอนแก่น,10,หนองสองห้อง,หันโจด,7,7,547,310,520,310,303,6,210,303,1,98,2,28,2,173,0
result\normal\เขตเลือกตั้งที่10\หนองสองห้อง\หันโจด\หน่วยที่8หมู่ที่8.json,เขตเลือกตั้งที่10\หนองสองห้อง\หันโจด\หน่วยที่8หมู่ที่8.pdf,ส.ส. ๕/๑๘,ขอนแก่น,10,หนองสองห้อง,หันโจด,8,8,180,131,180,131,127,4,49,127,0,75,1,3,0,47,1
result\normal\เขตเลือกตั้งที่10\หนองสองห้อง\หันโจด\หน่วยที่9หมู่ที่9.json,เขตเลือกตั้งที่10\หนองสองห้อง\หันโจด\หน่วยที่9หมู่ที่9.pdf,ส.ส. ๕/๑๘,ขอนแก่น,10,หนองสองห้อง,หันโจด,9,9,166,126,180,126,118,8,54,118,0,67,1,12,0,38,0
result\normal\เขตเลือกตั้งที่10\หนองสองห้อง\โนนธาตุ\หน่วยที่10หมู่ที่10.json,เขตเลือกตั้งที่10\หนองสองห้อง\โนนธาตุ\หน่วยที่10หมู่ที่10.pdf,ส.ส. ๕/๑๘,ขอนแก่น,10,หนองสองห้อง,โนนธาตุ,10,10,537,337,520,337,318,12,183,318,7,165,1,37,0,115,0
result\normal\เขตเลือกตั้งที่10\หนองสองห้อง\โนนธาตุ\หน่วยที่11หมู่ที่11.json,เขตเลือกตั้งที่10\หนองสองห้อง\โนนธาตุ\หน่วยที่11หมู่ที่11.pdf,ส.ส. ๕/๑๘,ขอนแก่น,10,หนองสองห้อง,โนนธาตุ,11,11,219,121,300,121,111,5,179,111,5,53,0,17,0,41,0
result\normal\เขตเลือกตั้งที่10\หนองสองห้อง\โนนธาตุ\หน่วยที่1หมู่ที่1.json,เขตเลือกตั้งที่10\หนองสองห้อง\โนนธาตุ\หน่วยที่1หมู่ที่1.pdf,ส.ส. ๕/๑๘,ขอนแก่น,10,หนองสองห้อง,โนนธาตุ,1,1,263,150,260,150,146,4,110,146,0,59,3,10,0,74,0
result\normal\เขตเลือกตั้งที่10\หนองสองห้อง\โนนธาตุ\หน่วยที่2หมู่ที่2.json,เขตเลือกตั้งที่10\หนองสองห้อง\โนนธาตุ\หน่วยที่2หมู่ที่2.pdf,ส.ส. ๕/๑๘,ขอนแก่น,10,หนองสองห้อง,โนนธาตุ,2,2,340,185,320,185,169,10,135,169,6,67,2,17,40,42,1
result\normal\เขตเลือกตั้งที่10\หนองสองห้อง\โนนธาตุ\หน่วยที่3หมู่ที่3.json,เขตเลือกตั้งที่10\หนองสองห้อง\โนนธาตุ\หน่วยที่3หมู่ที่3.pdf,ส.ส. ๕/๑๘,ขอนแก่น,10,หนองสองห้อง,โนนธาตุ,3,3,359,179,360,179,175,4,181,175,0,101,0,19,0,55,0
result\normal\เขตเลือกตั้งที่10\หนองสองห้อง\โนนธาตุ\หน่วยที่4หมู่ที่4.json,เขตเลือกตั้งที่10\หนองสองห้อง\โนนธาตุ\หน่วยที่4หมู่ที่4.pdf,ส.ส. ๕/๑๘,ขอนแก่น,10,หนองสองห้อง,โนนธาตุ,4,4,571,362,540,362,347,13,178,347,2,177,2,24,1,143,0
result\normal\เขตเลือกตั้งที่10\หนองสองห้อง\โนนธาตุ\หน่วยที่5หมู่ที่5.json,เขตเลือกตั้งที่10\หนองสองห้อง\โนนธาตุ\หน่วยที่5หมู่ที่5.pdf,ส.ส. ๕/๑๘,ขอนแก่น,10,หนองสองห้อง,โนนธาตุ,5,5,605,333,620,333,318,11,287,318,4,103,0,36,1,175,3
result\normal\เขตเลือกตั้งที่10\หนองสองห้อง\โนนธาตุ\หน่วยที่6หมู่ที่6.json,เขตเลือกตั้งที่10\หนองสองห้อง\โนนธาตุ\หน่วยที่6หมู่ที่6.pdf,ส.ส. ๕/๑๘,ขอนแก่น,10,หนองสองห้อง,โนนธาตุ,6,6,627,370,600,370,361,9,230,361,0,185,3,19,0,154,0
result\normal\เขตเลือกตั้งที่10\หนองสองห้อง\โนนธาตุ\หน่วยที่7หมู่ที่7.json,เขตเลือกตั้งที่10\หนองสองห้อง\โนนธาตุ\หน่วยที่7หมู่ที่7.pdf,ส.ส. ๕/๑๘,ขอนแก่น,10,หนองสองห้อง,โนนธาตุ,7,7,229,139,220,139,135,4,81,135,0,73,1,11,0,50,0
result\normal\เขตเลือกตั้งที่10\หนองสองห้อง\โนนธาตุ\หน่วยที่8หมู่ที่8.json,เขตเลือกตั้งที่10\หนองสองห้อง\โนนธาตุ\หน่วยที่8หมู่ที่8.pdf,ส.ส. ๕/๑๘,ขอนแก่น,10,หนองสองห้อง,โนนธาตุ,8,8,339,194,320,194,186,8,126,186,0,98,0,4,0,83,1
result\normal\เขตเลือกตั้งที่10\หนองสองห้อง\โนนธาตุ\หน่วยที่9หมู่ที่9.json,เขตเลือกตั้งที่10\หนองสองห้อง\โนนธาตุ\หน่วยที่9หมู่ที่9.pdf,ส.ส. ๕/๑๘,ขอนแก่น,10,หนองสองห้อง,โนนธาตุ,9,9,373,229,400,229,207,22,171,207,0,92,1,14,1,99,0
result\normal\เขตเลือกตั้งที่10\หนองสองห้อง\ในนอกนอกราช\กนค_ชุด10_เขต10.json,เขตเลือกตั้งที่10\หนองสองห้อง\ในนอกนอกราช\กนค_ชุด10_เขต10.pdf,ส.ส. ๕/๑๘,ขอนแก่น,10,หนองสองห้อง,ในนอกนอกราช,,,0,0,11,11,11,0,0,11,0,8,0,2,0,1,0
result\normal\เขตเลือกตั้งที่10\หนองสองห้อง\ในนอกนอกราช\กนค_ชุด1_เขต10.json,เขตเลือกตั้งที่10\หนองสองห้อง\ในนอกนอกราช\กนค_ชุด1_เขต10.pdf,ส.ส. ๕/๑๘,ขอนแก่น,10,หนองสองห้อง,ในนอกนอกราช,,,0,0,800,800,708,41,0,708,51,167,7,396,13,116,9
result\normal\เขตเลือกตั้งที่10\หนองสองห้อง\ในนอกนอกราช\กนค_ชุด2_เขต10.json,เขตเลือกตั้งที่10\หนองสองห้อง\ในนอกนอกราช\กนค_ชุด2_เขต10.pdf,ส.ส. ๕/๑๗,ขอนแก่น,10,หนองสองห้อง,ในนอกนอกราช,,,0,0,800,800,704,45,0,704,51,182,9,378,13,111,11
result\normal\เขตเลือกตั้งที่10\หนองสองห้อง\ในนอกนอกราช\กนค_ชุด3_เขต10.json,เขตเลือกตั้งที่10\หนองสองห้อง\ในนอกนอกราช\กนค_ชุด3_เขต10.pdf,ส.ส. ๕/๑๘,ขอนแก่น,10,หนองสองห้อง,ในนอกนอกราช,,,0,0,800,800,704,47,0,704,49,178,9,374,11,127,5
result\normal\เขตเลือกตั้งที่10\หนองสองห้อง\ในนอกนอกราช\กนค_ชุด4_เขต10.json,เขตเลือกตั้งที่10\หนองสองห้อง\ในนอกนอกราช\กนค_ชุด4_เขต10.pdf,ส.ส. ๕/๑๘,ขอนแก่น,10,หนองสองห้อง,ในนอกนอกราช,,,,,800,800,702,48,0,702,50,167,13,374,19,124,5
result\normal\เขตเลือกตั้งที่10\หนองสองห้อง\ในนอกนอกราช\กนค_ชุด5_เขต10.json,เขตเลือกตั้งที่10\หนองสองห้อง\ในนอกนอกราช\กนค_ชุด5_เขต10.pdf,ส.ส. ๕/๑๘,ขอนแก่น,10,หนองสองห้อง,ในนอกนอกราช,,,,,800,800,707,47,0,707,46,182,11,345,18,145,6
result\normal\เขตเลือกตั้งที่10\หนองสองห้อง\ในนอกนอกราช\กนค_ชุด6_เขต10.json,เขตเลือกตั้งที่10\หนองสองห้อง\ในนอกนอกราช\กนค_ชุด6_เขต10.pdf,ส.ส. ๕/๑๗,ขอนแก่น,10,หนองสองห้อง,ในนอกนอกราช,,,0,0,400,400,703,20,0,703,47,703,0,0,0,0,0
result\normal\เขตเลือกตั้งที่10\หนองสองห้อง\ในนอกนอกราช\กนค_ชุด7_เขต10.json,เขตเลือกตั้งที่10\หนองสองห้อง\ในนอกนอกราช\กนค_ชุด7_เขต10.pdf,ส.ส. ๕/๑๘,ขอนแก่น,10,หนองสองห้อง,ในนอกนอกราช,,,0,0,573,573,511,26,27,511,36,129,4,262,9,100,7
result\normal\เขตเลือกตั้งที่10\หนองสองห้อง\ในนอกนอกราช\กนค_ชุด8_เขต10.json,เขตเลือกตั้งที่10\หนองสองห้อง\ในนอกนอกราช\กนค_ชุด8_เขต10.pdf,ส.ส. ๕/๑๘,ขอนแก่น,10,หนองสองห้อง,ในนอกนอกราช,,,0,0,501,501,438,30,0,438,33,116,12,215,7,83,5
result\normal\เขตเลือกตั้งที่10\หนองสองห้อง\ในนอกนอกราช\กนค_ชุด9_เขต10.json,เขตเลือกตั้งที่10\หนองสองห้อง\ในนอกนอกราช\กนค_ชุด9_เขต10.pdf,ส.ส. ๕/๑๘,ขอนแก่น,10,หนองสองห้อง,ในนอกนอกราช,,,0,0,263,262,243,9,1,243,10,54,5,129,2,50,3
result\normal\เขตเลือกตั้งที่10\เปือยน้อย\ขามป้อม\หน่วยที่10หมู่ที่10.json,เขตเลือกตั้งที่10\เปือยน้อย\ขามป้อม\หน่วยที่10หมู่ที่10.pdf,ส.ส. ๕/๑๘,ขอนแก่น,10,เปือยน้อย,ขามป้อม,10,10,211,141,200,141,133,7,59,133,1,41,2,21,0,68,1
result\normal\เขตเลือกตั้งที่10\เปือยน้อย\ขามป้อม\หน่วยที่1หมู่ที่1.json,เขตเลือกตั้งที่10\เปือยน้อย\ขามป้อม\หน่วยที่1หมู่ที่1.pdf,ส.ส. ๕/๑๘,ขอนแก่น,10,เปือยน้อย,ขามป้อม,1,1,482,280,480,280,274,5,200,274,1,107,1,34,0,132,0
result\normal\เขตเลือกตั้งที่10\เปือยน้อย\ขามป้อม\หน่วยที่2หมู่ที่2.json,เขตเลือกตั้งที่10\เปือยน้อย\ขามป้อม\หน่วยที่2หมู่ที่2.pdf,ส.ส. ๕/๑๘,ขอนแก่น,10,เปือยน้อย,ขามป้อม,2,2,589,322,580,322,300,21,258,300,1,140,6,24,1,128,1
result\normal\เขตเลือกตั้งที่10\เปือยน้อย\ขามป้อม\หน่วยที่3หมู่ที่3.json,เขตเลือกตั้งที่10\เปือยน้อย\ขามป้อม\หน่วยที่3หมู่ที่3.pdf,ส.ส. ๕/๑๘,ขอนแก่น,10,เปือยน้อย,ขามป้อม,3,3,461,269,460,269,249,18,191,249,2,112,1,13,0,123,0
result\normal\เขตเลือกตั้งที่10\เปือยน้อย\ขามป้อม\หน่วยที่4หมู่ที่4.json,เขตเลือกตั้งที่10\เปือยน้อย\ขามป้อม\หน่วยที่4หมู่ที่4.pdf,ส.ส. ๕/๑๘,ขอนแก่น,10,เปือยน้อย,ขามป้อม,4,4,741,442,740,442,418,21,298,418,3,122,2,50,0,242,2
result\normal\เขตเลือกตั้งที่10\เปือยน้อย\ขามป้อม\หน่วยที่5หมู่ที่5.json,เขตเลือกตั้งที่10\เปือยน้อย\ขามป้อม\หน่วยที่5หมู่ที่5.pdf,ส.ส. ๕/๑๘,ขอนแก่น,10,เปือยน้อย,ขามป้อม,5,5,345,233,340,233,226,6,107,226,1,68,2,21,0,134,1
result\normal\เขตเลือกตั้งที่10\เปือยน้อย\ขามป้อม\หน่วยที่6หมู่ที่6.json,เขตเลือกตั้งที่10\เปือยน้อย\ขามป้อม\หน่วยที่6หมู่ที่6.pdf,ส.ส. ๕/๑๘,ขอนแก่น,10,เปือยน้อย,ขามป้อม,6,6,562,328,560,328,311,14,232,311,3,129,3,37,3,137,2
result\normal\เขตเลือกตั้งที่10\เปือยน้อย\ขามป้อม\หน่วยที่7หมู่ที่7.json,เขตเลือกตั้งที่10\เปือยน้อย\ขามป้อม\หน่วยที่7หมู่ที่7.pdf,ส.ส. ๕/๑๘,ขอนแก่น,10,เปือยน้อย,ขามป้อม,7,7,520,285,520,285,260,11,235,260,14,79,1,29,3,146,2
result\normal\เขตเลือกตั้งที่10\เปือยน้อย\ขามป้อม\หน่วยที่8หมู่ที่8.json,เขตเลือกตั้งที่10\เปือยน้อย\ขามป้อม\หน่วยที่8หมู่ที่8.pdf,ส.ส. ๕/๑๘,ขอนแก่น,10,เปือยน้อย,ขามป้อม,8,8,227,115,220,115,111,3,105,111,1,55,1,6,1,47,1
result\normal\เขตเลือกตั้งที่10\เปือยน้อย\ขามป้อม\หน่วยที่9หมู่ที่9.json,เขตเลือกตั้งที่10\เปือยน้อย\ขามป้อม\หน่วยที่9หมู่ที่9.pdf,ส.ส. ๕/๑๘,ขอนแก่น,10,เปือยน้อย,ขามป้อม,9,9,414,232,400,232,213,18,168,213,1,79,1,10,2,120,1
result\normal\เขตเลือกตั้งที่10\เปือยน้อย\วังม่วง\หน่วยที่1หมู่ที่1.json,เขตเลือกตั้งที่10\เปือยน้อย\วังม่วง\หน่วยที่1หมู่ที่1.pdf,ส.ส. ๕/๑๘,ขอนแก่น,10,เปือยน้อย,วังม่วง,1,1,838,526,820,526,494,24,294,494,8,142,3,48,3,298,0
result\normal\เขตเลือกตั้งที่10\เปือยน้อย\วังม่วง\หน่วยที่2หมู่ที่2.json,เขตเลือกตั้งที่10\เปือยน้อย\วังม่วง\หน่วยที่2หมู่ที่2.pdf,ส.ส. ๕/๑๘,ขอนแก่น,10,เปือยน้อย,วังม่วง,2,2,822,550,800,550,522,24,250,522,4,192,2,55,4,267,2
result\normal\เขตเลือกตั้งที่10\เปือยน้อย\วังม่วง\หน่วยที่3หมู่ที่3.json,เขตเลือกตั้งที่10\เปือยน้อย\วังม่วง\หน่วยที่3หมู่ที่3.pdf,ส.ส. ๕/๑๘,ขอนแก่น,10,เปือยน้อย,วังม่วง,3,3,521,344,500,344,338,5,156,338,1,113,0,88,0,137,0
result\normal\เขตเลือกตั้งที่10\เปือยน้อย\วังม่วง\หน่วยที่4หมู่ที่4.json,เขตเลือกตั้งที่10\เปือยน้อย\วังม่วง\หน่วยที่4หมู่ที่4.pdf,ส.ส. ๕/๑๘,ขอนแก่น,10,เปือยน้อย,วังม่วง,4,4,677,473,680,473,453,18,207,453,2,133,3,55,1,260,1
result\normal\เขตเลือกตั้งที่10\เปือยน้อย\วังม่วง\หน่วยที่5หมู่ที่5.json,เขตเลือกตั้งที่10\เปือยน้อย\วังม่วง\หน่วยที่5หมู่ที่5.pdf,ส.ส. ๕/๑๘,ขอนแก่น,10,เปือยน้อย,วังม่วง,5,5,355,202,340,202,188,13,138,188,1,89,1,8,0,89,1
result\normal\เขตเลือกตั้งที่10\เปือยน้อย\วังม่วง\หน่วยที่6หมู่ที่6.json,เขตเลือกตั้งที่10\เปือยน้อย\วังม่วง\หน่วยที่6หมู่ที่6.pdf,ส.ส. ๕/๑๘,ขอนแก่น,10,เปือยน้อย,วังม่วง,6,6,552,324,540,324,305,12,216,305,7,153,0,55,0,97,0
result\normal\เขตเลือกตั้งที่10\เปือยน้อย\วังม่วง\หน่วยที่7หมู่ที่7.json,เขตเลือกตั้งที่10\เปือยน้อย\วังม่วง\หน่วยที่7หมู่ที่7.pdf,ส.ส. ๕/๑๘,ขอนแก่น,10,เปือยน้อย,วังม่วง,7,7,1041,659,1040,659,618,41,381,618,0,195,4,94,1,324,0
result\normal\เขตเลือกตั้งที่10\เปือยน้อย\วังม่วง\หน่วยที่8หมู่ที่8.json,เขตเลือกตั้งที่10\เปือยน้อย\วังม่วง\หน่วยที่8หมู่ที่8.pdf,ส.ส. ๕/๑๘,ขอนแก่น,10,เปือยน้อย,วังม่วง,8,8,506,308,500,308,288,17,192,288,3,140,3,38,0,107,0
result\normal\เขตเลือกตั้งที่10\เปือยน้อย\สระแก้ว\หน่วยที่1หมู่ที่1.json,เขตเลือกตั้งที่10\เปือยน้อย\สระแก้ว\หน่วยที่1หมู่ที่1.pdf,ส.ส. ๕/๑๘,ขอนแก่น,10,เปือยน้อย,สระแก้ว,1,1,524,315,500,315,295,18,185,295,2,135,1,17,3,139,0
result\normal\เขตเลือกตั้งที่10\เปือยน้อย\สระแก้ว\หน่วยที่2หมู่ที่2.json,เขตเลือกตั้งที่10\เปือยน้อย\สระแก้ว\หน่วยที่2หมู่ที่2.pdf,ส.ส. ๕/๑๘,ขอนแก่น,10,เปือยน้อย,สระแก้ว,2,2,530,348,520,348,321,25,172,321,2,170,2,32,2,114,1
result\normal\เขตเลือกตั้งที่10\เปือยน้อย\สระแก้ว\หน่วยที่3หมู่ที่3.json,เขตเลือกตั้งที่10\เปือยน้อย\สระแก้ว\หน่วยที่3หมู่ที่3.pdf,ส.ส. ๕/๑๘,ขอนแก่น,10,เปือยน้อย,สระแก้ว,3,3,243,143,240,143,129,13,97,129,1,54,0,9,2,64,0
result\normal\เขตเลือกตั้งที่10\เปือยน้อย\สระแก้ว\หน่วยที่5หมู่ที่5.json,เขตเลือกตั้งที่10\เปือยน้อย\สระแก้ว\หน่วยที่5หมู่ที่5.pdf,ส.ส. ๕/๑๘,ขอนแก่น,10,เปือยน้อย,สระแก้ว,5,5,315,198,300,198,190,6,102,190,2,43,0,15,0,132,0
result\normal\เขตเลือกตั้งที่10\เปือยน้อย\สระแก้ว\หน่วยที่6หมู่ที่6.json,เขตเลือกตั้งที่10\เปือยน้อย\สระแก้ว\หน่วยที่6หมู่ที่6.pdf,ส.ส. ๕/๑๘,ขอนแก่น,10,เปือยน้อย,สระแก้ว,6,6,331,187,320,187,182,4,133,182,1,61,0,18,0,103,0
result\normal\เขตเลือกตั้งที่10\เปือยน้อย\สระแก้ว\หน่วยที่7หมู่ที่7.json,เขตเลือกตั้งที่10\เปือยน้อย\สระแก้ว\หน่วยที่7หมู่ที่7.pdf,ส.ส. ๕/๑๘,ขอนแก่น,10,เปือยน้อย,สระแก้ว,7,7,744,553,770,553,512,36,217,512,5,235,3,27,2,241,4
result\normal\เขตเลือกตั้งที่10\เปือยน้อย\สระแก้ว\หน่วยที่9หมู่ที่4.json,เขตเลือกตั้งที่10\เปือยน้อย\สระแก้ว\หน่วยที่9หมู่ที่4.pdf,ส.ส. ๕/๑๘,ขอนแก่น,10,เปือยน้อย,สระแก้ว,4,9,317,201,300,201,192,7,99,192,2,101,1,12,0,78,0
result\normal\เขตเลือกตั้งที่10\เปือยน้อย\เปือยน้อย\หน่วยที่1หมู่ที่1.json,เขตเลือกตั้งที่10\เปือยน้อย\เปือยน้อย\หน่วยที่1หมู่ที่1.pdf,ส.ส. ๕/๑๘,ขอนแก่น,10,เปือยน้อย,เปือยน้อย,1,1,665,466,660,466,437,18,194,437,11,184,2,54,3,194,0
result\normal\เขตเลือกตั้งที่10\เปือยน้อย\เปือยน้อย\หน่วยที่2หมู่ที่2.json,เขตเลือกตั้งที่10\เปือยน้อย\เปือยน้อย\หน่วยที่2หมู่ที่2.pdf,ส.ส. ๕/๑๘,ขอนแก่น,10,เปือยน้อย,เปือยน้อย,2,2,471,280,460,280,258,19,180,258,3,160,1,25,1,70,1
result\normal\เขตเลือกตั้งที่10\เปือยน้อย\เปือยน้อย\หน่วยที่3หมู่ที่3.json,เขตเลือกตั้งที่10\เปือยน้อย\เปือยน้อย\หน่วยที่3หมู่ที่3.pdf,ส.ส. ๕/๑๘,ขอนแก่น,10,เปือยน้อย,เปือยน้อย,3,3,627,411,620,411,399,11,209,399,1,127,2,36,0,233,1
result\normal\เขตเลือกตั้งที่10\เปือยน้อย\เปือยน้อย\หน่วยที่4หมู่ที่4.json,เขตเลือกตั้งที่10\เปือยน้อย\เปือยน้อย\หน่วยที่4หมู่ที่4.pdf,ส.ส. ๕/๑๘,ขอนแก่น,10,เปือยน้อย,เปือยน้อย,4,4,603,370,600,370,349,16,230,349,5,137,1,23,2,184,2
result\normal\เขตเลือกตั้งที่10\เปือยน้อย\เปือยน้อย\หน่วยที่5หมู่ที่5.json,เขตเลือกตั้งที่10\เปือยน้อย\เปือยน้อย\หน่วยที่5หมู่ที่5.pdf,ส.ส. ๕/๑๘,ขอนแก่น,10,เปือยน้อย,เปือยน้อย,5,5,261,159,240,159,150,6,81,150,3,94,0,12,1,43,0
result\normal\เขตเลือกตั้งที่10\เปือยน้อย\เปือยน้อย\หน่วยที่6หมู่ที่0.json,เขตเลือกตั้งที่10\เปือยน้อย\เปือยน้อย\หน่วยที่6หมู่ที่0.pdf,ส.ส. ๕/๑๘,ขอนแก่น,10,เปือยน้อย,เปือยน้อย,0,6,274,162,260,162,152,7,98,152,3,45,0,5,0,102,0
result\normal\เขตเลือกตั้งที่10\เปือยน้อย\เปือยน้อย\หน่วยที่7หมู่ที่7.json,เขตเลือกตั้งที่10\เปือยน้อย\เปือยน้อย\หน่วยที่7หมู่ที่7.pdf,ส.ส. ๕/๑๘,ขอนแก่น,10,เปือยน้อย,เปือยน้อย,7,7,575,362,560,362,344,10,198,344,8,159,2,49,3,125,6
result\normal\เขตเลือกตั้งที่10\โคกโพธิ์ไชย\ซับสมบูรณ์\หน่วยที่10หมู่ที่10.json,เขตเลือกตั้งที่10\โคกโพธิ์ไชย\ซับสมบูรณ์\หน่วยที่10หมู่ที่10.pdf,ส.ส. ๕/๑๘,ขอนแก่น,10,โคกโพธิ์ไชย,ซับสมบูรณ์,10,10,258,173,260,173,159,10,87,159,4,60,1,20,0,77,1
result\normal\เขตเลือกตั้งที่10\โคกโพธิ์ไชย\ซับสมบูรณ์\หน่วยที่11หมู่ที่11.json,เขตเลือกตั้งที่10\โคกโพธิ์ไชย\ซับสมบูรณ์\หน่วยที่11หมู่ที่11.pdf,ส.ส. ๕/๑๘,ขอนแก่น,10,โคกโพธิ์ไชย,ซับสมบูรณ์,11,11,509,278,520,278,259,17,242,259,2,137,1,25,0,96,0
result\normal\เขตเลือกตั้งที่10\โคกโพธิ์ไชย\ซับสมบูรณ์\หน่วยที่1หมู่ที่1.json,เขตเลือกตั้งที่10\โคกโพธิ์ไชย\ซับสมบูรณ์\หน่วยที่1หมู่ที่1.pdf,ส.ส. ๕/๑๘,ขอนแก่น,10,โคกโพธิ์ไชย,ซับสมบูรณ์,1,1,529,348,540,348,329,16,192,329,3,211,1,22,1,93,1
result\normal\เขตเลือกตั้งที่10\โคกโพธิ์ไชย\ซับสมบูรณ์\หน่วยที่2หมู่ที่2.json,เขตเลือกตั้งที่10\โคกโพธิ์ไชย\ซับสมบูรณ์\หน่วยที่2หมู่ที่2.pdf,ส.ส. ๕/๑๘,ขอนแก่น,10,โคกโพธิ์ไชย,ซับสมบูรณ์,2,2,604,367,620,367,343,21,253,343,3,157,3,25,0,158,0
result\normal\เขตเลือกตั้งที่10\โคกโพธิ์ไชย\ซับสมบูรณ์\หน่วยที่3หมู่ที่3.json,เขตเลือกตั้งที่10\โคกโพธิ์ไชย\ซับสมบูรณ์\หน่วยที่3หมู่ที่3.pdf,ส.ส. ๕/๑๘,ขอนแก่น,10,โคกโพธิ์ไชย,ซับสมบูรณ์,3,3,726,398,740,398,369,24,342,369,5,139,2,37,1,188,2
result\normal\เขตเลือกตั้งที่10\โคกโพธิ์ไชย\ซับสมบูรณ์\หน่วยที่4หมู่ที่4.json,เขตเลือกตั้งที่10\โคกโพธิ์ไชย\ซับสมบูรณ์\หน่วยที่4หมู่ที่4.pdf,ส.ส. ๕/๑๘,ขอนแก่น,10,โคกโพธิ์ไชย,ซับสมบูรณ์,4,4,516,307,520,307,286,15,213,286,6,140,0,16,3,127,0
result\normal\เขตเลือกตั้งที่10\โคกโพธิ์ไชย\ซับสมบูรณ์\หน่วยที่5หมู่ที่5.json,เขตเลือกตั้งที่10\โคกโพธิ์ไชย\ซับสมบูรณ์\หน่วยที่5หมู่ที่5.pdf,ส.ส. ๕/๑๘,ขอนแก่น,10,โคกโพธิ์ไชย,ซับสมบูรณ์,5,5,748,442,760,442,422,20,318,422,0,141,5,30,2,242,2
result\normal\เขตเลือกตั้งที่10\โคกโพธิ์ไชย\ซับสมบูรณ์\หน่วยที่6หมู่ที่6.json,เขตเลือกตั้งที่10\โคกโพธิ์ไชย\ซับสมบูรณ์\หน่วยที่6หมู่ที่6.pdf,ส.ส. ๕/๑๘,ขอนแก่น,10,โคกโพธิ์ไชย,ซับสมบูรณ์,6,6,277,159,280,159,146,10,121,146,3,87,0,18,1,39,1
result\normal\เขตเลือกตั้งที่10\โคกโพธิ์ไชย\ซับสมบูรณ์\หน่วยที่7หมู่ที่7.json,เขตเลือกตั้งที่10\โคกโพธิ์ไชย\ซับสมบูรณ์\หน่วยที่7หมู่ที่7.pdf,ส.ส. ๕/๑๘,ขอนแก่น,10,โคกโพธิ์ไชย,ซับสมบูรณ์,7,7,416,231,420,231,211,15,189,211,5,123,1,24,0,63,0
result\normal\เขตเลือกตั้งที่10\โคกโพธิ์ไชย\ซับสมบูรณ์\หน่วยที่8หมู่ที่8.json,เขตเลือกตั้งที่10\โคกโพธิ์ไชย\ซับสมบูรณ์\หน่วยที่8หมู่ที่8.pdf,ส.ส. ๕/๑๘,ขอนแก่น,10,โคกโพธิ์ไชย,ซับสมบูรณ์,8,8,240,172,260,172,167,5,88,167,0,79,2,17,0,69,0
result\normal\เขตเลือกตั้งที่10\โคกโพธิ์ไชย\ซับสมบูรณ์\หน่วยที่9หมู่ที่9.json,เขตเลือกตั้งที่10\โคกโพธิ์ไชย\ซับสมบูรณ์\หน่วยที่9หมู่ที่9.pdf,ส.ส. ๕/๑๘,ขอนแก่น,10,โคกโพธิ์ไชย,ซับสมบูรณ์,9,9,489,293,500,293,270,18,207,270,5,174,0,28,1,66,1
result\normal\เขตเลือกตั้งที่10\โคกโพธิ์ไชย\นาแพง\หน่วยที่1หมู่ที่1.json,เขตเลือกตั้งที่10\โคกโพธิ์ไชย\นาแพง\หน่วยที่1หมู่ที่1.pdf,ส.ส. ๕/๑๘,ขอนแก่น,10,โคกโพธิ์ไชย,นาแพง,1,1,462,271,480,271,240,27,209,240,4,134,0,28,2,76,0
result\normal\เขตเลือกตั้งที่10\โคกโพธิ์ไชย\นาแพง\หน่วยที่2หมู่ที่2.json,เขตเลือกตั้งที่10\โคกโพธิ์ไชย\นาแพง\หน่วยที่2หมู่ที่2.pdf,ส.ส. ๕/๑๘,ขอนแก่น,10,โคกโพธิ์ไชย,นาแพง,2,2,715,423,720,423,382,30,297,382,11,157,2,44,6,171,2
result\normal\เขตเลือกตั้งที่10\โคกโพธิ์ไชย\นาแพง\หน่วยที่3หมู่ที่3.json,เขตเลือกตั้งที่10\โคกโพธิ์ไชย\นาแพง\หน่วยที่3หมู่ที่3.pdf,ส.ส. ๕/๑๘,ขอนแก่น,10,โคกโพธิ์ไชย,นาแพง,3,3,343,205,360,205,189,12,155,189,4,90,1,17,0,81,0
result\normal\เขตเลือกตั้งที่10\โคกโพธิ์ไชย\นาแพง\หน่วยที่4หมู่ที่4.json,เขตเลือกตั้งที่10\โคกโพธิ์ไชย\นาแพง\หน่วยที่4หมู่ที่4.pdf,ส.ส. ๕/๑๘,ขอนแก่น,10,โคกโพธิ์ไชย,นาแพง,4,4,429,293,440,293,273,14,147,273,6,129,0,41,2,97,4
result\normal\เขตเลือกตั้งที่10\โคกโพธิ์ไชย\นาแพง\หน่วยที่5หมู่ที่5.json,เขตเลือกตั้งที่10\โคกโพธิ์ไชย\นาแพง\หน่วยที่5หมู่ที่5.pdf,ส.ส. ๕/๑๘,ขอนแก่น,10,โคกโพธิ์ไชย,นาแพง,5,5,499,346,500,346,310,28,154,310,8,151,1,61,1,96,0
result\normal\เขตเลือกตั้งที่10\โคกโพธิ์ไชย\นาแพง\หน่วยที่6หมู่ที่6.json,เขตเลือกตั้งที่10\โคกโพธิ์ไชย\นาแพง\หน่วยที่6หมู่ที่6.pdf,ส.ส. ๕/๑๘,ขอนแก่น,10,โคกโพธิ์ไชย,นาแพง,6,6,416,299,400,299,274,22,101,274,3,118,0,38,1,116,1
result\normal\เขตเลือกตั้งที่10\โคกโพธิ์ไชย\นาแพง\หน่วยที่7หมู่ที่7.json,เขตเลือกตั้งที่10\โคกโพธิ์ไชย\นาแพง\หน่วยที่7หมู่ที่7.pdf,ส.ส. ๕/๑๘,ขอนแก่น,10,โคกโพธิ์ไชย,นาแพง,7,7,374,253,360,253,234,15,107,234,4,142,0,35,1,56,0
result\normal\เขตเลือกตั้งที่10\โคกโพธิ์ไชย\นาแพง\หน่วยที่8หมู่ที่9.json,เขตเลือกตั้งที่10\โคกโพธิ์ไชย\นาแพง\หน่วยที่8หมู่ที่9.pdf,ส.ส. ๕/๑๘,ขอนแก่น,10,โคกโพธิ์ไชย,นาแพง,9,8,594,316,590,316,293,16,274,293,7,111,0,29,0,152,1
result\normal\เขตเลือกตั้งที่10\โคกโพธิ์ไชย\บ้านโคก\หน่วยที่1หมู่ที่1.json,เขตเลือกตั้งที่10\โคกโพธิ์ไชย\บ้านโคก\หน่วยที่1หมู่ที่1.pdf,ส.ส. ๕/๑๘,ขอนแก่น,10,โคกโพธิ์ไชย,บ้านโคก,1,1,542,353,540,353,315,30,187,315,8,105,0,47,0,161,2
result\normal\เขตเลือกตั้งที่10\โคกโพธิ์ไชย\บ้านโคก\หน่วยที่1หมู่ที่4.json,เขตเลือกตั้งที่10\โคกโพธิ์ไชย\บ้านโคก\หน่วยที่1หมู่ที่4.pdf,ส.ส. ๕/๑๘,ขอนแก่น,10,โคกโพธิ์ไชย,บ้านโคก,4,1,673,426,680,426,397,26,254,397,3,196,0,38,2,159,2
result\normal\เขตเลือกตั้งที่10\โคกโพธิ์ไชย\บ้านโคก\หน่วยที่2หมู่ที่2.json,เขตเลือกตั้งที่10\โคกโพธิ์ไชย\บ้านโคก\หน่วยที่2หมู่ที่2.pdf,ส.ส. ๕/๑๘,ขอนแก่น,10,โคกโพธิ์ไชย,บ้านโคก,2,2,782,506,760,506,469,27,254,469,10,179,5,85,9,190,1
result\normal\เขตเลือกตั้งที่10\โคกโพธิ์ไชย\บ้านโคก\หน่วยที่2หมู่ที่5.json,เขตเลือกตั้งที่10\โคกโพธิ์ไชย\บ้านโคก\หน่วยที่2หมู่ที่5.pdf,ส.ส. ๕/๑๘,ขอนแก่น,10,โคกโพธิ์ไชย,บ้านโคก,5,2,367,221,360,221,196,22,139,196,3,74,2,19,0,100,1
result\normal\เขตเลือกตั้งที่10\โคกโพธิ์ไชย\บ้านโคก\หน่วยที่3หมู่ที่2.json,เขตเลือกตั้งที่10\โคกโพธิ์ไชย\บ้านโคก\หน่วยที่3หมู่ที่2.pdf,ส.ส. ๕/๑๘,ขอนแก่น,10,โคกโพธิ์ไชย,บ้านโคก,2,3,264,169,260,169,156,12,91,156,1,83,1,25,0,46,1
result\normal\เขตเลือกตั้งที่10\โคกโพธิ์ไชย\บ้านโคก\หน่วยที่3หมู่ที่3.json,เขตเลือกตั้งที่10\โคกโพธิ์ไชย\บ้านโคก\หน่วยที่3หมู่ที่3.pdf,ส.ส. ๕/๑๘,ขอนแก่น,10,โคกโพธิ์ไชย,บ้านโคก,3,3,420,279,420,279,264,10,141,264,5,64,1,45,7,145,2
result\normal\เขตเลือกตั้งที่10\โคกโพธิ์ไชย\บ้านโคก\หน่วยที่4หมู่ที่7.json,เขตเลือกตั้งที่10\โคกโพธิ์ไชย\บ้านโคก\หน่วยที่4หมู่ที่7.pdf,ส.ส. ๕/๑๘,ขอนแก่น,10,โคกโพธิ์ไชย,บ้านโคก,7,4,660,451,660,451,417,17,209,417,17,125,0,61,4,226,1
result\normal\เขตเลือกตั้งที่10\โคกโพธิ์ไชย\บ้านโคก\หน่วยที่4หมู่ที่9.json,เขตเลือกตั้งที่10\โคกโพธิ์ไชย\บ้านโคก\หน่วยที่4หมู่ที่1.pdf,ส.ส. ๕/๑๘,ขอนแก่น,10,โคกโพธิ์ไชย,บ้านโคก,9,4,700,423,660,423,379,26,237,379,18,173,2,57,6,138,3
result\normal\เขตเลือกตั้งที่10\โคกโพธิ์ไชย\บ้านโคก\หน่วยที่5หมู่ที่10.json,เขตเลือกตั้งที่10\โคกโพธิ์ไชย\บ้านโคก\หน่วยที่5หมู่ที่10.pdf,ส.ส. ๕/๑๘,ขอนแก่น,10,โคกโพธิ์ไชย,บ้านโคก,10,5,341,204,360,204,195,9,156,195,0,90,0,26,0,79,0
result\normal\เขตเลือกตั้งที่10\โคกโพธิ์ไชย\บ้านโคก\หน่วยที่5หมู่ที่8.json,เขตเลือกตั้งที่10\โคกโพธิ์ไชย\บ้านโคก\หน่วยที่5หมู่ที่8.pdf,ส.ส. ๕/๑๘,ขอนแก่น,10,โคกโพธิ์ไชย,บ้านโคก,8,5,564,393,560,393,366,21,167,366,6,130,5,60,2,169,0
result\normal\เขตเลือกตั้งที่10\โคกโพธิ์ไชย\บ้านโคก\หน่วยที่6หมู่ที่11.json,เขตเลือกตั้งที่10\โคกโพธิ์ไชย\บ้านโคก\หน่วยที่6หมู่ที่11.pdf,ส.ส. ๕/๑๘,ขอนแก่น,10,โคกโพธิ์ไชย,บ้านโคก,11,6,418,262,420,262,239,16,158,239,7,100,1,39,2,96,1
result\normal\เขตเลือกตั้งที่10\โคกโพธิ์ไชย\โพธิ์ไชย\หน่วยที่10หมู่ที่10.json,เขตเลือกตั้งที่10\โคกโพธิ์ไชย\โพธิ์ไชย\หน่วยที่10หมู่ที่10.pdf,ส.ส. ๕/๑๘,ขอนแก่น,10,โคกโพธิ์ไชย,โพธิ์ไชย,10,10,474,311,480,311,289,16,169,289,6,116,0,34,1,137,1
result\normal\เขตเลือกตั้งที่10\โคกโพธิ์ไชย\โพธิ์ไชย\หน่วยที่1หมู่ที่1.json,เขตเลือกตั้งที่10\โคกโพธิ์ไชย\โพธิ์ไชย\หน่วยที่1หมู่ที่1.pdf,ส.ส. ๕/๑๘,ขอนแก่น,10,โคกโพธิ์ไชย,โพธิ์ไชย,1,1,637,422,640,422,397,22,218,397,3,189,2,28,2,176,0
result\normal\เขตเลือกตั้งที่10\โคกโพธิ์ไชย\โพธิ์ไชย\หน่วยที่2หมู่ที่2.json,เขตเลือกตั้งที่10\โคกโพธิ์ไชย\โพธิ์ไชย\หน่วยที่2หมู่ที่2.pdf,ส.ส. ๕/๑๘,ขอนแก่น,10,โคกโพธิ์ไชย,โพธิ์ไชย,2,2,553,383,560,383,351,26,177,351,6,103,1,25,0,222,0
result\normal\เขตเลือกตั้งที่10\โคกโพธิ์ไชย\โพธิ์ไชย\หน่วยที่3หมู่ที่3.json,เขตเลือกตั้งที่10\โคกโพธิ์ไชย\โพธิ์ไชย\หน่วยที่3หมู่ที่3.pdf,ส.ส. ๕/๑๘,ขอนแก่น,10,โคกโพธิ์ไชย,โพธิ์ไชย,3,3,767,488,780,488,457,25,292,457,6,136,2,41,2,274,2
result\normal\เขตเลือกตั้งที่10\โคกโพธิ์ไชย\โพธิ์ไชย\หน่วยที่4หมู่ที่4.json,เขตเลือกตั้งที่10\โคกโพธิ์ไชย\โพธิ์ไชย\หน่วยที่4หมู่ที่4.pdf,ส.ส. ๕/๑๘,ขอนแก่น,10,โคกโพธิ์ไชย,โพธิ์ไชย,4,4,648,359,660,359,337,22,301,337,0,160,0,36,1,138,2
result\normal\เขตเลือกตั้งที่10\โคกโพธิ์ไชย\โพธิ์ไชย\หน่วยที่5หมู่ที่5.json,เขตเลือกตั้งที่10\โคกโพธิ์ไชย\โพธิ์ไชย\หน่วยที่5หมู่ที่5.pdf,ส.ส. ๕/๑๘,ขอนแก่น,10,โคกโพธิ์ไชย,โพธิ์ไชย,5,5,672,404,700,404,359,35,296,359,10,190,0,40,3,126,0
result\normal\เขตเลือกตั้งที่10\โคกโพธิ์ไชย\โพธิ์ไชย\หน่วยที่6หมู่ที่6.json,เขตเลือกตั้งที่10\โคกโพธิ์ไชย\โพธิ์ไชย\หน่วยที่6หมู่ที่6.pdf,ส.ส. ๕/๑๘,ขอนแก่น,10,โคกโพธิ์ไชย,โพธิ์ไชย,6,6,413,241,420,241,220,17,179,220,4,69,1,33,2,111,4
result\normal\เขตเลือกตั้งที่10\โคกโพธิ์ไชย\โพธิ์ไชย\หน่วยที่7หมู่ที่7.json,เขตเลือกตั้งที่10\โคกโพธิ์ไชย\โพธิ์ไชย\หน่วยที่7หมู่ที่7.pdf,ส.ส. ๕/๑๘,ขอนแก่น,10,โคกโพธิ์ไชย,โพธิ์ไชย,7,7,623,384,600,384,347,21,216,347,16,121,9,55,4,155,3
result\normal\เขตเลือกตั้งที่10\โคกโพธิ์ไชย\โพธิ์ไชย\หน่วยที่8หมู่ที่8.json,เขตเลือกตั้งที่10\โคกโพธิ์ไชย\โพธิ์ไชย\หน่วยที่8หมู่ที่8.pdf,ส.ส. ๕/๑๘,ขอนแก่น,10,โคกโพธิ์ไชย,โพธิ์ไชย,8,8,423,232,440,232,215,17,208,215,0,91,0,28,2,93,1
result\normal\เขตเลือกตั้งที่10\โคกโพธิ์ไชย\โพธิ์ไชย\หน่วยที่9หมู่ที่9.json,เขตเลือกตั้งที่10\โคกโพธิ์ไชย\โพธิ์ไชย\หน่วยที่9หมู่ที่8.pdf,ส.ส. ๕/๑๘,ขอนแก่น,10,โคกโพธิ์ไชย,โพธิ์ไชย,9,9,407,291,420,291,266,16,129,266,9,80,3,39,0,143,1
result\normal\เขตเลือกตั้งที่10\โนนศิลา\บ้านหัน\หน่วยที่10หมู่ที่12.json,เขตเลือกตั้งที่10\โนนศิลา\บ้านหัน\หน่วยที่10หมู่ที่12.pdf,ส.ส. ๕/๑๘,ขอนแก่น,10,โนนศิลา,บ้านหัน,12,10,602,324,620,324,296,18,296,296,10,75,5,24,3,189,0
result\normal\เขตเลือกตั้งที่10\โนนศิลา\บ้านหัน\หน่วยที่11หมู่ที่13.json,เขตเลือกตั้งที่10\โนนศิลา\บ้านหัน\หน่วยที่11หมู่ที่13.pdf,ส.ส. ๕/๑๘,ขอนแก่น,10,โนนศิลา,บ้านหัน,13,11,203,112,220,112,106,4,108,106,2,59,1,6,1,39,0
result\normal\เขตเลือกตั้งที่10\โนนศิลา\บ้านหัน\หน่วยที่12หมู่ที่14.json,เขตเลือกตั้งที่10\โนนศิลา\บ้านหัน\หน่วยที่12หมู่ที่14.pdf,ส.ส. ๕/๑๘,ขอนแก่น,10,โนนศิลา,บ้านหัน,14,12,203,120,220,120,117,1,100,117,2,27,0,11,1,77,1
result\normal\เขตเลือกตั้งที่10\โนนศิลา\บ้านหัน\หน่วยที่13หมู่ที่15.json,เขตเลือกตั้งที่10\โนนศิลา\บ้านหัน\หน่วยที่13หมู่ที่15.pdf,ส.ส. ๕/๑๘,ขอนแก่น,10,โนนศิลา,บ้านหัน,15,13,254,165,260,165,155,7,95,155,3,84,4,15,1,51,0
result\normal\เขตเลือกตั้งที่10\โนนศิลา\บ้านหัน\หน่วยที่14หมู่ที่16.json,เขตเลือกตั้งที่10\โนนศิลา\บ้านหัน\หน่วยที่14หมู่ที่16.pdf,ส.ส. ๕/๑๘,ขอนแก่น,10,โนนศิลา,บ้านหัน,16,14,455,276,460,276,262,13,184,262,1,101,3,27,0,131,0
result\normal\เขตเลือกตั้งที่10\โนนศิลา\บ้านหัน\หน่วยที่1หมู่ที่3.json,เขตเลือกตั้งที่10\โนนศิลา\บ้านหัน\หน่วยที่1หมู่ที่3.pdf,ส.ส. ๕/๑๘,ขอนแก่น,10,โนนศิลา,บ้านหัน,3,1,380,235,380,235,228,7,145,228,0,99,1,28,0,100,0
result\normal\เขตเลือกตั้งที่10\โนนศิลา\บ้านหัน\หน่วยที่2หมู่ที่4.json,เขตเลือกตั้งที่10\โนนศิลา\บ้านหัน\หน่วยที่2หมู่ที่4.pdf,ส.ส. ๕/๑๘,ขอนแก่น,10,โนนศิลา,บ้านหัน,4,2,485,0,500,310,298,11,190,298,1,106,0,17,0,173,2
result\normal\เขตเลือกตั้งที่10\โนนศิลา\บ้านหัน\หน่วยที่3หมู่ที่5.json,เขตเลือกตั้งที่10\โนนศิลา\บ้านหัน\หน่วยที่3หมู่ที่5.pdf,ส.ส. ๕/๑๘,ขอนแก่น,10,โนนศิลา,บ้านหัน,5,3,839,578,820,578,553,20,242,553,5,167,5,40,3,338,0
result\normal\เขตเลือกตั้งที่10\โนนศิลา\บ้านหัน\หน่วยที่4หมู่ที่6.json,เขตเลือกตั้งที่10\โนนศิลา\บ้านหัน\หน่วยที่4หมู่ที่6.pdf,ส.ส. ๕/๑๘,ขอนแก่น,10,โนนศิลา,บ้านหัน,6,4,792,567,800,567,547,15,233,547,5,195,5,41,2,304,0
result\normal\เขตเลือกตั้งที่10\โนนศิลา\บ้านหัน\หน่วยที่5หมู่ที่7.json,เขตเลือกตั้งที่10\โนนศิลา\บ้านหัน\หน่วยที่5หมู่ที่7.pdf,ส.ส. ๕/๑๘,ขอนแก่น,10,โนนศิลา,บ้านหัน,7,5,400,236,400,236,209,22,164,209,5,72,1,11,2,120,3
result\normal\เขตเลือกตั้งที่10\โนนศิลา\บ้านหัน\หน่วยที่6หมู่ที่8.json,เขตเลือกตั้งที่10\โนนศิลา\บ้านหัน\หน่วยที่6หมู่ที่8.pdf,ส.ส. ๕/๑๘,ขอนแก่น,10,โนนศิลา,บ้านหัน,8,6,492,323,500,323,303,19,177,303,1,156,4,19,0,124,0
result\normal\เขตเลือกตั้งที่10\โนนศิลา\บ้านหัน\หน่วยที่7หมู่ที่9.json,เขตเลือกตั้งที่10\โนนศิลา\บ้านหัน\หน่วยที่7หมู่ที่9.pdf,ส.ส. ๕/๑๘,ขอนแก่น,10,โนนศิลา,บ้านหัน,9,7,510,312,520,312,300,11,208,300,1,91,1,27,3,177,1
result\normal\เขตเลือกตั้งที่10\โนนศิลา\บ้านหัน\หน่วยที่8หมู่ที่10.json,เขตเลือกตั้งที่10\โนนศิลา\บ้านหัน\หน่วยที่8หมู่ที่10.pdf,ส.ส. ๕/๑๘,ขอนแก่น,10,โนนศิลา,บ้านหัน,10,8,353,275,360,275,266,8,85,266,1,74,0,12,0,179,1
result\normal\เขตเลือกตั้งที่10\โนนศิลา\บ้านหัน\หน่วยที่9หมู่ที่11.json,เขตเลือกตั้งที่10\โนนศิลา\บ้านหัน\หน่วยที่9หมู่ที่11.pdf,ส.ส. ๕/๑๘,ขอนแก่น,10,โนนศิลา,บ้านหัน,11,9,720,452,700,452,422,26,248,422,4,195,4,44,1,177,1
result\normal\เขตเลือกตั้งที่10\โนนศิลา\หนองปลาหมอ\หน่วยที่1หมู่ที่1.json,เขตเลือกตั้งที่10\โนนศิลา\หนองปลาหมอ\หน่วยที่1หมู่ที่1.pdf,ส.ส. ๕/๑๘,ขอนแก่น,10,โนนศิลา,หนองปลาหมอ,1,1,448,268,460,268,257,8,192,257,3,95,0,15,5,141,1
result\normal\เขตเลือกตั้งที่10\โนนศิลา\หนองปลาหมอ\หน่วยที่2หมู่ที่2.json,เขตเลือกตั้งที่10\โนนศิลา\หนองปลาหมอ\หน่วยที่2หมู่ที่2.pdf,ส.ส. ๕/๑๘,ขอนแก่น,10,โนนศิลา,หนองปลาหมอ,2,2,250,155,260,155,145,9,105,145,1,72,1,16,0,55,1
result\normal\เขตเลือกตั้งที่10\โนนศิลา\หนองปลาหมอ\หน่วยที่3หมู่ที่3.json,เขตเลือกตั้งที่10\โนนศิลา\หนองปลาหมอ\หน่วยที่3หมู่ที่3.pdf,ส.ส. ๕/๑๘,ขอนแก่น,10,โนนศิลา,หนองปลาหมอ,3,3,478,254,480,254,242,9,226,242,3,108,1,15,4,114,0
result\normal\เขตเลือกตั้งที่10\โนนศิลา\หนองปลาหมอ\หน่วยที่4หมู่ที่4.json,เขตเลือกตั้งที่10\โนนศิลา\หนองปลาหมอ\หน่วยที่4หมู่ที่4.pdf,ส.ส. ๕/๑๘,ขอนแก่น,10,โนนศิลา,หนองปลาหมอ,4,4,383,226,400,226,205,15,174,205,6,87,0,45,2,69,2
result\normal\เขตเลือกตั้งที่10\โนนศิลา\หนองปลาหมอ\หน่วยที่5หมู่ที่5.json,เขตเลือกตั้งที่10\โนนศิลา\หนองปลาหมอ\หน่วยที่5หมู่ที่5.pdf,ส.ส. ๕/๑๘,ขอนแก่น,10,โนนศิลา,หนองปลาหมอ,5,5,630,384,620,384,357,23,236,357,4,106,4,26,6,215,0
result\normal\เขตเลือกตั้งที่10\โนนศิลา\หนองปลาหมอ\หน่วยที่6หมู่ที่6.json,เขตเลือกตั้งที่10\โนนศิลา\หนองปลาหมอ\หน่วยที่6หมู่ที่6.pdf,ส.ส. ๕/๑๘,ขอนแก่น,10,โนนศิลา,หนองปลาหมอ,6,6,543,346,560,346,325,16,214,325,5,129,0,33,4,159,0
result\normal\เขตเลือกตั้งที่10\โนนศิลา\หนองปลาหมอ\หน่วยที่7หมู่ที่7.json,เขตเลือกตั้งที่10\โนนศิลา\หนองปลาหมอ\หน่วยที่7หมู่ที่7.pdf,ส.ส. ๕/๑๘,ขอนแก่น,10,โนนศิลา,หนองปลาหมอ,7,7,441,261,460,261,247,10,199,247,4,118,1,29,2,97,0
result\normal\เขตเลือกตั้งที่10\โนนศิลา\หนองปลาหมอ\หน่วยที่8หมู่ที่8.json,เขตเลือกตั้งที่10\โนนศิลา\หนองปลาหมอ\หน่วยที่8หมู่ที่8.pdf,ส.ส. ๕/๑๘,ขอนแก่น,10,โนนศิลา,หนองปลาหมอ,8,8,516,317,520,317,296,18,203,296,3,139,1,29,4,122,1
result\normal\เขตเลือกตั้งที่10\โนนศิลา\เปือยใหญ่\หน่วยที่1หมู่ที่1.json,เขตเลือกตั้งที่10\โนนศิลา\เปือยใหญ่\หน่วยที่1หมู่ที่1.pdf,ส.ส. ๕/๑๘,ขอนแก่น,10,โนนศิลา,เปือยใหญ่,1,1,477,308,480,308,286,16,172,286,6,85,1,22,16,162,0
result\normal\เขตเลือกตั้งที่10\โนนศิลา\เปือยใหญ่\หน่วยที่2หมู่ที่2.json,เขตเลือกตั้งที่10\โนนศิลา\เปือยใหญ่\หน่วยที่2หมู่ที่2.pdf,ส.ส. ๕/๑๘,ขอนแก่น,10,โนนศิลา,เปือยใหญ่,2,2,375,210,380,210,195,12,170,195,3,40,0,9,13,133,0
result\normal\เขตเลือกตั้งที่10\โนนศิลา\เปือยใหญ่\หน่วยที่3หมู่ที่3.json,เขตเลือกตั้งที่10\โนนศิลา\เปือยใหญ่\หน่วยที่3หมู่ที่3.pdf,ส.ส. ๕/๑๘,ขอนแก่น,10,โนนศิลา,เปือยใหญ่,3,3,227,149,240,149,139,5,91,139,5,37,0,13,0,88,1
result\normal\เขตเลือกตั้งที่10\โนนศิลา\เปือยใหญ่\หน่วยที่4หมู่ที่4.json,เขตเลือกตั้งที่10\โนนศิลา\เปือยใหญ่\หน่วยที่4หมู่ที่4.pdf,ส.ส. ๕/๑๘,ขอนแก่น,10,โนนศิลา,เปือยใหญ่,4,4,127,77,140,77,76,1,63,76,0,34,1,4,0,37,0
result\normal\เขตเลือกตั้งที่10\โนนศิลา\เปือยใหญ่\หน่วยที่5หมู่ที่5.json,เขตเลือกตั้งที่10\โนนศิลา\เปือยใหญ่\หน่วยที่5หมู่ที่5.pdf,ส.ส. ๕/๑๘,ขอนแก่น,10,โนนศิลา,เปือยใหญ่,5,5,552,338,560,338,322,13,222,322,3,111,2,30,7,169,3
result\normal\เขตเลือกตั้งที่10\โนนศิลา\เปือยใหญ่\หน่วยที่6หมู่ที่6.json,เขตเลือกตั้งที่10\โนนศิลา\เปือยใหญ่\หน่วยที่6หมู่ที่6.pdf,ส.ส. ๕/๑๘,ขอนแก่น,10,โนนศิลา,เปือยใหญ่,6,6,464,282,480,282,269,10,198,269,3,127,1,27,3,110,1
result\normal\เขตเลือกตั้งที่10\โนนศิลา\เปือยใหญ่\หน่วยที่7หมู่ที่7.json,เขตเลือกตั้งที่10\โนนศิลา\เปือยใหญ่\หน่วยที่7หมู่ที่7.pdf,ส.ส. ๕/๑๘,ขอนแก่น,10,โนนศิลา,เปือยใหญ่,7,7,269,167,280,167,158,9,113,158,0,50,1,6,2,98,1
result\normal\เขตเลือกตั้งที่10\โนนศิลา\เปือยใหญ่\หน่วยที่8หมู่ที่8.json,เขตเลือกตั้งที่10\โนนศิลา\เปือยใหญ่\หน่วยที่8หมู่ที่8.pdf,ส.ส. ๕/๑๘,ขอนแก่น,10,โนนศิลา,เปือยใหญ่,8,8,234,161,240,161,152,8,79,152,1,55,0,12,4,81,0
result\normal\เขตเลือกตั้งที่10\โนนศิลา\โนนศิลา\หน่วยที่1หมู่ที่1.json,เขตเลือกตั้งที่10\โนนศิลา\โนนศิลา\หน่วยที่1หมู่ที่1.pdf,ส.ส. ๕/๑๘,ขอนแก่น,10,โนนศิลา,โนนศิลา,1,1,465,331,480,331,316,5,149,316,10,100,0,35,2,178,1
result\normal\เขตเลือกตั้งที่10\โนนศิลา\โนนศิลา\หน่วยที่1หมู่ที่2.json,เขตเลือกตั้งที่10\โนนศิลา\โนนศิลา\หน่วยที่1หมู่ที่2.pdf,ส.ส. ๕/๑๘,ขอนแก่น,10,โนนศิลา,โนนศิลา,2,1,255,180,260,180,174,5,80,174,1,52,1,33,1,86,1
result\normal\เขตเลือกตั้งที่10\โนนศิลา\โนนศิลา\หน่วยที่2หมู่ที่2.json,เขตเลือกตั้งที่10\โนนศิลา\ทต.โนนศิลา\หน่วยที่2หมู่ที่2.pdf,ส.ส. ๕/๑๘,ขอนแก่น,10,โนนศิลา,ทต.โนนศิลา,2,2,627,440,620,440,406,31,180,406,3,193,0,41,1,171,0
result\normal\เขตเลือกตั้งที่10\โนนศิลา\โนนศิลา\หน่วยที่2หมู่ที่6.json,เขตเลือกตั้งที่10\โนนศิลา\โนนศิลา\หน่วยที่2หมู่ที่6.pdf,ส.ส. ๕/๑๘,ขอนแก่น,10,โนนศิลา,โนนศิลา,6,2,328,217,340,217,211,6,123,211,0,56,2,30,1,122,0
result\normal\เขตเลือกตั้งที่10\โนนศิลา\โนนศิลา\หน่วยที่3หมู่ที่1.json,เขตเลือกตั้งที่10\โนนศิลา\โนนศิลา\หน่วยที่3หมู่ที่1.pdf,ส.ส. ๕/๑๘,ขอนแก่น,10,โนนศิลา,โนนศิลา,1,3,472,288,480,288,264,17,192,264,7,142,0,25,2,94,1
result\normal\เขตเลือกตั้งที่10\โนนศิลา\โนนศิลา\หน่วยที่3หมู่ที่3.json,เขตเลือกตั้งที่10\โนนศิลา\โนนศิลา\หน่วยที่3หมู่ที่3.pdf,ส.ส. ๕/๑๘,ขอนแก่น,10,โนนศิลา,โนนศิลา,3,3,266,176,280,176,169,5,104,169,2,49,0,12,0,107,1
result\normal\เขตเลือกตั้งที่10\โนนศิลา\โนนศิลา\หน่วยที่4หมู่ที่4.json,เขตเลือกตั้งที่10\โนนศิลา\โนนศิลา\หน่วยที่4หมู่ที่4.pdf,ส.ส. ๕/๑๘,ขอนแก่น,10,โนนศิลา,โนนศิลา,4,4,650,481,660,481,454,16,179,454,11,145,4,59,4,241,1
result\normal\เขตเลือกตั้งที่10\โนนศิลา\โนนศิลา\หน่วยที่5หมู่ที่5.json,เขตเลือกตั้งที่10\โนนศิลา\โนนศิลา\หน่วยที่5หมู่ที่5.pdf,ส.ส. ๕/๑๘,ขอนแก่น,10,โนนศิลา,โนนศิลา,5,5,571,380,580,380,364,14,200,364,2,77,3,46,1,237,0
result\normal\เขตเลือกตั้งที่10\โนนศิลา\โนนศิลา\หน่วยที่6หมู่ที่1.json,เขตเลือกตั้งที่10\โนนศิลา\โนนศิลา\หน่วยที่6หมู่ที่1.pdf,ส.ส. ๕/๑๘,ขอนแก่น,10,โนนศิลา,โนนศิลา,1,6,918,594,900,594,566,26,306,566,2,228,6,46,4,279,3
result\normal\เขตเลือกตั้งที่10\โนนศิลา\โนนศิลา\หน่วยที่7หมู่ที่2.json,เขตเลือกตั้งที่10\โนนศิลา\โนนศิลา\หน่วยที่7หมู่ที่2.pdf,ส.ส. ๕/๑๘,ขอนแก่น,10,โนนศิลา,โนนศิลา,2,7,599,380,600,380,359,17,220,359,4,63,0,37,0,258,1
result\normal\เขตเลือกตั้งที่10\โนนศิลา\โนนศิลา\หน่วยที่8หมู่ที่2.json,เขตเลือกตั้งที่10\โนนศิลา\โนนศิลา\หน่วยที่8หมู่ที่2.pdf,ส.ส. ๕/๑๘,ขอนแก่น,10,โนนศิลา,โนนศิลา,2,8,547,384,560,384,361,12,176,361,11,99,1,40,2,218,1
result\normal\เขตเลือกตั้งที่10\โนนศิลา\โนนแดง\หน่วยที่1หมู่ที่1.json,เขตเลือกตั้งที่10\โนนศิลา\โนนแดง\หน่วยที่1หมู่ที่1.pdf,ส.ส. ๕/๑๘,ขอนแก่น,10,โนนศิลา,โนนแดง,1,1,357,255,360,255,243,7,105,243,5,100,0,23,1,118,1
result\normal\เขตเลือกตั้งที่10\โนนศิลา\โนนแดง\หน่วยที่2หมู่ที่2.json,เขตเลือกตั้งที่10\โนนศิลา\โนนแดง\หน่วยที่2หมู่ที่2.pdf,ส.ส. ๕/๑๘,ขอนแก่น,10,โนนศิลา,โนนแดง,2,2,385,258,400,258,241,14,142,241,3,106,2,18,1,114,0
result\normal\เขตเลือกตั้งที่10\โนนศิลา\โนนแดง\หน่วยที่3หมู่ที่3.json,เขตเลือกตั้งที่10\โนนศิลา\โนนแดง\หน่วยที่3หมู่ที่3.pdf,ส.ส. ๕/๑๘,ขอนแก่น,10,โนนศิลา,โนนแดง,3,3,384,297,400,297,285,7,103,285,5,127,1,25,1,130,1
result\normal\เขตเลือกตั้งที่10\โนนศิลา\โนนแดง\หน่วยที่4หมู่ที่4.json,เขตเลือกตั้งที่10\โนนศิลา\โนนแดง\หน่วยที่4หมู่ที่4.pdf,ส.ส. ๕/๑๘,ขอนแก่น,10,โนนศิลา,โนนแดง,4,4,503,292,520,292,279,11,228,279,2,132,3,33,1,109,1
result\normal\เขตเลือกตั้งที่10\โนนศิลา\โนนแดง\หน่วยที่5หมู่ที่5.json,เขตเลือกตั้งที่10\โนนศิลา\โนนแดง\หน่วยที่5หมู่ที่5.pdf,ส.ส. ๕/๑๘,ขอนแก่น,10,โนนศิลา,โนนแดง,5,5,387,277,400,277,267,6,123,267,4,103,2,29,2,129,2
result\normal\เขตเลือกตั้งที่10\โนนศิลา\โนนแดง\หน่วยที่6หมู่ที่6.json,เขตเลือกตั้งที่10\โนนศิลา\โนนแดง\หน่วยที่6หมู่ที่6.pdf,ส.ส. ๕/๑๘,ขอนแก่น,10,โนนศิลา,โนนแดง,6,6,363,266,380,266,240,11,114,240,15,106,2,16,1,115,0
result\normal\เขตเลือกตั้งที่10\โนนศิลา\โนนแดง\หน่วยที่7หมู่ที่7.json,เขตเลือกตั้งที่10\โนนศิลา\โนนแดง\หน่วยที่7หมู่ที่7.pdf,ส.ส. ๕/๑๘,ขอนแก่น,10,โนนศิลา,โนนแดง,7,7,457,298,460,298,285,11,162,285,2,76,2,26,1,178,2
