Unit_ID,District,Subdistrict,Village_No,Unit_No,Latitude,Longitude,Eligible_Voters,Voters_Showed_Up,Allocated_Ballots,Used_Ballots,Valid_Ballots,Invalid_Ballots,No_Vote_Ballots,Remaining_Ballots
KK10_CONST_โนนศิลา_บ้านหัน_M12_U10,โนนศิลา,บ้านหัน,12,10,15.9912,102.6583,602.0,324.0,620,324,296,18,10,296
KK10_CONST_โนนศิลา_บ้านหัน_M13_U11,โนนศิลา,บ้านหัน,13,11,15.9912,102.6583,203.0,112.0,220,112,106,4,2,108
KK10_CONST_โนนศิลา_บ้านหัน_M14_U12,โนนศิลา,บ้านหัน,14,12,15.9912,102.6583,203.0,120.0,220,120,117,1,2,100
KK10_CONST_โนนศิลา_บ้านหัน_M15_U13,โนนศิลา,บ้านหัน,15,13,15.9912,102.6583,254.0,165.0,260,165,155,7,3,95
KK10_CONST_โนนศิลา_บ้านหัน_M16_U14,โนนศิลา,บ้านหัน,16,14,15.9912,102.6583,455.0,276.0,460,276,262,13,1,184
KK10_CONST_โนนศิลา_บ้านหัน_M3_U1,โนนศิลา,บ้านหัน,3,1,15.9912,102.6583,380.0,235.0,380,235,228,7,0,145
KK10_CONST_โนนศิลา_บ้านหัน_M4_U2,โนนศิลา,บ้านหัน,4,2,15.9912,102.6583,485.0,0.0,500,310,298,11,1,190
KK10_CONST_โนนศิลา_บ้านหัน_M5_U3,โนนศิลา,บ้านหัน,5,3,15.9912,102.6583,839.0,578.0,820,578,553,20,5,242
KK10_CONST_โนนศิลา_บ้านหัน_M6_U4,โนนศิลา,บ้านหัน,6,4,15.9912,102.6583,792.0,567.0,800,567,547,15,5,233
KK10_CONST_โนนศิลา_บ้านหัน_M7_U5,โนนศิลา,บ้านหัน,7,5,15.9912,102.6583,400.0,236.0,400,236,209,22,5,164
KK10_CONST_โนนศิลา_บ้านหัน_M8_U6,โนนศิลา,บ้านหัน,8,6,15.9912,102.6583,492.0,323.0,500,323,303,19,1,177
KK10_CONST_โนนศิลา_บ้านหัน_M9_U7,โนนศิลา,บ้านหัน,9,7,15.9912,102.6583,510.0,312.0,520,312,300,11,1,208
KK10_CONST_โนนศิลา_บ้านหัน_M10_U8,โนนศิลา,บ้านหัน,10,8,15.9912,102.6583,353.0,275.0,360,275,266,8,1,85
KK10_CONST_โนนศิลา_บ้านหัน_M11_U9,โนนศิลา,บ้านหัน,11,9,15.9912,102.6583,720.0,452.0,700,452,422,26,4,248
KK10_CONST_โนนศิลา_หนองปลาหมอ_M1_U1,โนนศิลา,หนองปลาหมอ,1,1,15.9458,102.6611,448.0,268.0,460,268,257,8,3,192
KK10_CONST_โนนศิลา_หนองปลาหมอ_M2_U2,โนนศิลา,หนองปลาหมอ,2,2,15.9458,102.6611,250.0,155.0,260,155,145,9,1,105
KK10_CONST_โนนศิลา_หนองปลาหมอ_M3_U3,โนนศิลา,หนองปลาหมอ,3,3,15.9458,102.6611,478.0,254.0,480,254,242,9,3,226
KK10_CONST_โนนศิลา_หนองปลาหมอ_M4_U4,โนนศิลา,หนองปลาหมอ,4,4,15.9458,102.6611,383.0,226.0,400,226,205,15,6,174
KK10_CONST_โนนศิลา_หนองปลาหมอ_M5_U5,โนนศิลา,หนองปลาหมอ,5,5,15.9458,102.6611,630.0,384.0,620,384,357,23,4,236
KK10_CONST_โนนศิลา_หนองปลาหมอ_M6_U6,โนนศิลา,หนองปลาหมอ,6,6,15.9458,102.6611,543.0,346.0,560,346,325,16,5,214
KK10_CONST_โนนศิลา_หนองปลาหมอ_M7_U7,โนนศิลา,หนองปลาหมอ,7,7,15.9458,102.6611,441.0,261.0,460,261,247,10,4,199
KK10_CONST_โนนศิลา_หนองปลาหมอ_M8_U8,โนนศิลา,หนองปลาหมอ,8,8,15.9458,102.6611,516.0,317.0,520,317,296,18,3,203
KK10_CONST_โนนศิลา_เปือยใหญ่_M1_U1,โนนศิลา,เปือยใหญ่,1,1,15.9392,102.5761,477.0,308.0,480,308,286,16,6,172
KK10_CONST_โนนศิลา_เปือยใหญ่_M2_U2,โนนศิลา,เปือยใหญ่,2,2,15.9392,102.5761,375.0,210.0,380,210,195,12,3,170
KK10_CONST_โนนศิลา_เปือยใหญ่_M3_U3,โนนศิลา,เปือยใหญ่,3,3,15.9392,102.5761,227.0,149.0,240,149,139,5,5,91
KK10_CONST_โนนศิลา_เปือยใหญ่_M4_U4,โนนศิลา,เปือยใหญ่,4,4,15.9392,102.5761,127.0,77.0,140,77,76,1,0,63
KK10_CONST_โนนศิลา_เปือยใหญ่_M5_U5,โนนศิลา,เปือยใหญ่,5,5,15.9392,102.5761,552.0,338.0,560,338,322,13,3,222
KK10_CONST_โนนศิลา_เปือยใหญ่_M6_U6,โนนศิลา,เปือยใหญ่,6,6,15.9392,102.5761,464.0,282.0,480,282,269,10,3,198
KK10_CONST_โนนศิลา_เปือยใหญ่_M7_U7,โนนศิลา,เปือยใหญ่,7,7,15.9392,102.5761,269.0,167.0,280,167,158,9,0,113
KK10_CONST_โนนศิลา_เปือยใหญ่_M8_U8,โนนศิลา,เปือยใหญ่,8,8,15.9392,102.5761,234.0,161.0,240,161,152,8,1,79
KK10_CONST_โนนศิลา_โนนศิลา_M1_U1,โนนศิลา,โนนศิลา,1,1,15.975,102.6667,465.0,331.0,480,331,316,5,10,149
KK10_CONST_โนนศิลา_โนนศิลา_M2_U1,โนนศิลา,โนนศิลา,2,1,15.975,102.6667,255.0,180.0,260,180,174,5,1,80
KK10_CONST_โนนศิลา_ทต.โนนศิลา_M2_U2,โนนศิลา,ทต.โนนศิลา,2,2,15.9711,102.6714,627.0,440.0,620,440,406,31,3,180
KK10_CONST_โนนศิลา_โนนศิลา_M6_U2,โนนศิลา,โนนศิลา,6,2,15.975,102.6667,328.0,217.0,340,217,211,6,0,123
KK10_CONST_โนนศิลา_โนนศิลา_M1_U3,โนนศิลา,โนนศิลา,1,3,15.975,102.6667,472.0,288.0,480,288,264,17,7,192
KK10_CONST_โนนศิลา_โนนศิลา_M3_U3,โนนศิลา,โนนศิลา,3,3,15.975,102.6667,266.0,176.0,280,176,169,5,2,104
KK10_CONST_โนนศิลา_โนนศิลา_M4_U4,โนนศิลา,โนนศิลา,4,4,15.975,102.6667,650.0,481.0,660,481,454,16,11,179
KK10_CONST_โนนศิลา_โนนศิลา_M5_U5,โนนศิลา,โนนศิลา,5,5,15.975,102.6667,571.0,380.0,580,380,364,14,2,200
KK10_CONST_โนนศิลา_โนนศิลา_M1_U6,โนนศิลา,โนนศิลา,1,6,15.975,102.6667,918.0,594.0,900,594,566,26,2,306
KK10_CONST_โนนศิลา_โนนศิลา_M2_U7,โนนศิลา,โนนศิลา,2,7,15.975,102.6667,599.0,380.0,600,380,359,17,4,220
KK10_CONST_โนนศิลา_โนนศิลา_M2_U8,โนนศิลา,โนนศิลา,2,8,15.975,102.6667,547.0,384.0,560,384,361,12,11,176
KK10_CONST_โนนศิลา_โนนแดง_M1_U1,โนนศิลา,โนนแดง,1,1,15.9681,102.6253,357.0,255.0,360,255,243,7,5,105
KK10_CONST_โนนศิลา_โนนแดง_M2_U2,โนนศิลา,โนนแดง,2,2,15.9681,102.6253,385.0,258.0,400,258,241,14,3,142
KK10_CONST_โนนศิลา_โนนแดง_M3_U3,โนนศิลา,โนนแดง,3,3,15.9681,102.6253,384.0,297.0,400,297,285,7,5,103
KK10_CONST_โนนศิลา_โนนแดง_M4_U4,โนนศิลา,โนนแดง,4,4,15.9681,102.6253,503.0,292.0,520,292,279,11,2,228
KK10_CONST_โนนศิลา_โนนแดง_M5_U5,โนนศิลา,โนนแดง,5,5,15.9681,102.6253,387.0,277.0,400,277,267,6,4,123
KK10_CONST_โนนศิลา_โนนแดง_M6_U6,โนนศิลา,โนนแดง,6,6,15.9681,102.6253,363.0,266.0,380,266,240,11,15,114
KK10_CONST_โนนศิลา_โนนแดง_M7_U7,โนนศิลา,โนนแดง,7,7,15.9681,102.6253,457.0,298.0,460,298,285,11,2,162
KK10_CONST_โคกโพธิ์ไชย_ซับสมบูรณ์_M10_U10,โคกโพธิ์ไชย,ซับสมบูรณ์,10,10,15.9442,102.3081,258.0,173.0,260,173,159,10,4,87
KK10_CONST_โคกโพธิ์ไชย_ซับสมบูรณ์_M11_U11,โคกโพธิ์ไชย,ซับสมบูรณ์,11,11,15.9442,102.3081,509.0,278.0,520,278,259,17,2,242
KK10_CONST_โคกโพธิ์ไชย_ซับสมบูรณ์_M1_U1,โคกโพธิ์ไชย,ซับสมบูรณ์,1,1,15.9442,102.3081,529.0,348.0,540,348,329,16,3,192
KK10_CONST_โคกโพธิ์ไชย_ซับสมบูรณ์_M2_U2,โคกโพธิ์ไชย,ซับสมบูรณ์,2,2,15.9442,102.3081,604.0,367.0,620,367,343,21,3,253
KK10_CONST_โคกโพธิ์ไชย_ซับสมบูรณ์_M3_U3,โคกโพธิ์ไชย,ซับสมบูรณ์,3,3,15.9442,102.3081,726.0,398.0,740,398,369,24,5,342
KK10_CONST_โคกโพธิ์ไชย_ซับสมบูรณ์_M4_U4,โคกโพธิ์ไชย,ซับสมบูรณ์,4,4,15.9442,102.3081,516.0,307.0,520,307,286,15,6,213
KK10_CONST_โคกโพธิ์ไชย_ซับสมบูรณ์_M5_U5,โคกโพธิ์ไชย,ซับสมบูรณ์,5,5,15.9442,102.3081,748.0,442.0,760,442,422,20,0,318
KK10_CONST_โคกโพธิ์ไชย_ซับสมบูรณ์_M6_U6,โคกโพธิ์ไชย,ซับสมบูรณ์,6,6,15.9442,102.3081,277.0,159.0,280,159,146,10,3,121
KK10_CONST_โคกโพธิ์ไชย_ซับสมบูรณ์_M7_U7,โคกโพธิ์ไชย,ซับสมบูรณ์,7,7,15.9442,102.3081,416.0,231.0,420,231,211,15,5,189
KK10_CONST_โคกโพธิ์ไชย_ซับสมบูรณ์_M8_U8,โคกโพธิ์ไชย,ซับสมบูรณ์,8,8,15.9442,102.3081,240.0,172.0,260,172,167,5,0,88
KK10_CONST_โคกโพธิ์ไชย_ซับสมบูรณ์_M9_U9,โคกโพธิ์ไชย,ซับสมบูรณ์,9,9,15.9442,102.3081,489.0,293.0,500,293,270,18,5,207
KK10_CONST_โคกโพธิ์ไชย_นาแพง_M1_U1,โคกโพธิ์ไชย,นาแพง,1,1,15.9167,102.3583,462.0,271.0,480,271,240,27,4,209
KK10_CONST_โคกโพธิ์ไชย_นาแพง_M2_U2,โคกโพธิ์ไชย,นาแพง,2,2,15.9167,102.3583,715.0,423.0,720,423,382,30,11,297
KK10_CONST_โคกโพธิ์ไชย_นาแพง_M3_U3,โคกโพธิ์ไชย,นาแพง,3,3,15.9167,102.3583,343.0,205.0,360,205,189,12,4,155
KK10_CONST_โคกโพธิ์ไชย_นาแพง_M4_U4,โคกโพธิ์ไชย,นาแพง,4,4,15.9167,102.3583,429.0,293.0,440,293,273,14,6,147
KK10_CONST_โคกโพธิ์ไชย_นาแพง_M5_U5,โคกโพธิ์ไชย,นาแพง,5,5,15.9167,102.3583,499.0,346.0,500,346,310,28,8,154
KK10_CONST_โคกโพธิ์ไชย_นาแพง_M6_U6,โคกโพธิ์ไชย,นาแพง,6,6,15.9167,102.3583,416.0,299.0,400,299,274,22,3,101
KK10_CONST_โคกโพธิ์ไชย_นาแพง_M7_U7,โคกโพธิ์ไชย,นาแพง,7,7,15.9167,102.3583,374.0,253.0,360,253,234,15,4,107
KK10_CONST_โคกโพธิ์ไชย_นาแพง_M9_U8,โคกโพธิ์ไชย,นาแพง,9,8,15.9167,102.3583,594.0,316.0,590,316,293,16,7,274
KK10_CONST_โคกโพธิ์ไชย_บ้านโคก_M1_U1,โคกโพธิ์ไชย,บ้านโคก,1,1,15.9667,102.4333,542.0,353.0,540,353,315,30,8,187
KK10_CONST_โคกโพธิ์ไชย_บ้านโคก_M4_U1,โคกโพธิ์ไชย,บ้านโคก,4,1,15.9667,102.4333,673.0,426.0,680,426,397,26,3,254
KK10_CONST_โคกโพธิ์ไชย_บ้านโคก_M2_U2,โคกโพธิ์ไชย,บ้านโคก,2,2,15.9667,102.4333,782.0,506.0,760,506,469,27,10,254
KK10_CONST_โคกโพธิ์ไชย_บ้านโคก_M5_U2,โคกโพธิ์ไชย,บ้านโคก,5,2,15.9667,102.4333,367.0,221.0,360,221,196,22,3,139
KK10_CONST_โคกโพธิ์ไชย_บ้านโคก_M2_U3,โคกโพธิ์ไชย,บ้านโคก,2,3,15.9667,102.4333,264.0,169.0,260,169,156,12,1,91
KK10_CONST_โคกโพธิ์ไชย_บ้านโคก_M3_U3,โคกโพธิ์ไชย,บ้านโคก,3,3,15.9667,102.4333,420.0,279.0,420,279,264,10,5,141
KK10_CONST_โคกโพธิ์ไชย_บ้านโคก_M7_U4,โคกโพธิ์ไชย,บ้านโคก,7,4,15.9667,102.4333,660.0,451.0,660,451,417,17,17,209
KK10_CONST_โคกโพธิ์ไชย_บ้านโคก_M9_U4,โคกโพธิ์ไชย,บ้านโคก,9,4,15.9667,102.4333,700.0,423.0,660,423,379,26,18,237
KK10_CONST_โคกโพธิ์ไชย_บ้านโคก_M10_U5,โคกโพธิ์ไชย,บ้านโคก,10,5,15.9667,102.4333,341.0,204.0,360,204,195,9,0,156
KK10_CONST_โคกโพธิ์ไชย_บ้านโคก_M8_U5,โคกโพธิ์ไชย,บ้านโคก,8,5,15.9667,102.4333,564.0,393.0,560,393,366,21,6,167
KK10_CONST_โคกโพธิ์ไชย_บ้านโคก_M11_U6,โคกโพธิ์ไชย,บ้านโคก,11,6,15.9667,102.4333,418.0,262.0,420,262,239,16,7,158
KK10_CONST_โคกโพธิ์ไชย_โพธิ์ไชย_M10_U10,โคกโพธิ์ไชย,โพธิ์ไชย,10,10,15.9875,102.3958,474.0,311.0,480,311,289,16,6,169
KK10_CONST_โคกโพธิ์ไชย_โพธิ์ไชย_M1_U1,โคกโพธิ์ไชย,โพธิ์ไชย,1,1,15.9875,102.3958,637.0,422.0,640,422,397,22,3,218
KK10_CONST_โคกโพธิ์ไชย_โพธิ์ไชย_M2_U2,โคกโพธิ์ไชย,โพธิ์ไชย,2,2,15.9875,102.3958,553.0,383.0,560,383,351,26,6,177
KK10_CONST_โคกโพธิ์ไชย_โพธิ์ไชย_M3_U3,โคกโพธิ์ไชย,โพธิ์ไชย,3,3,15.9875,102.3958,767.0,488.0,780,488,457,25,6,292
KK10_CONST_โคกโพธิ์ไชย_โพธิ์ไชย_M4_U4,โคกโพธิ์ไชย,โพธิ์ไชย,4,4,15.9875,102.3958,648.0,359.0,660,359,337,22,0,301
KK10_CONST_โคกโพธิ์ไชย_โพธิ์ไชย_M5_U5,โคกโพธิ์ไชย,โพธิ์ไชย,5,5,15.9875,102.3958,672.0,404.0,700,404,359,35,10,296
KK10_CONST_โคกโพธิ์ไชย_โพธิ์ไชย_M6_U6,โคกโพธิ์ไชย,โพธิ์ไชย,6,6,15.9875,102.3958,413.0,241.0,420,241,220,17,4,179
KK10_CONST_โคกโพธิ์ไชย_โพธิ์ไชย_M7_U7,โคกโพธิ์ไชย,โพธิ์ไชย,7,7,15.9875,102.3958,623.0,384.0,600,384,347,21,16,216
KK10_CONST_โคกโพธิ์ไชย_โพธิ์ไชย_M8_U8,โคกโพธิ์ไชย,โพธิ์ไชย,8,8,15.9875,102.3958,423.0,232.0,440,232,215,17,0,208
KK10_CONST_โคกโพธิ์ไชย_โพธิ์ไชย_M9_U9,โคกโพธิ์ไชย,โพธิ์ไชย,9,9,15.9875,102.3958,407.0,291.0,420,291,266,16,9,129
KK10_CONST_เปือยน้อย_ขามป้อม_M10_U10,เปือยน้อย,ขามป้อม,10,10,15.8833,103.0083,211.0,141.0,200,141,133,7,1,59
KK10_CONST_เปือยน้อย_ขามป้อม_M1_U1,เปือยน้อย,ขามป้อม,1,1,15.8833,103.0083,482.0,280.0,480,280,274,5,1,200
KK10_CONST_เปือยน้อย_ขามป้อม_M2_U2,เปือยน้อย,ขามป้อม,2,2,15.8833,103.0083,589.0,322.0,580,322,300,21,1,258
KK10_CONST_เปือยน้อย_ขามป้อม_M3_U3,เปือยน้อย,ขามป้อม,3,3,15.8833,103.0083,461.0,269.0,460,269,249,18,2,191
KK10_CONST_เปือยน้อย_ขามป้อม_M4_U4,เปือยน้อย,ขามป้อม,4,4,15.8833,103.0083,741.0,442.0,740,442,418,21,3,298
KK10_CONST_เปือยน้อย_ขามป้อม_M5_U5,เปือยน้อย,ขามป้อม,5,5,15.8833,103.0083,345.0,233.0,340,233,226,6,1,107
KK10_CONST_เปือยน้อย_ขามป้อม_M6_U6,เปือยน้อย,ขามป้อม,6,6,15.8833,103.0083,562.0,328.0,560,328,311,14,3,232
KK10_CONST_เปือยน้อย_ขามป้อม_M7_U7,เปือยน้อย,ขามป้อม,7,7,15.8833,103.0083,520.0,285.0,520,285,260,11,14,235
KK10_CONST_เปือยน้อย_ขามป้อม_M8_U8,เปือยน้อย,ขามป้อม,8,8,15.8833,103.0083,227.0,115.0,220,115,111,3,1,105
KK10_CONST_เปือยน้อย_ขามป้อม_M9_U9,เปือยน้อย,ขามป้อม,9,9,15.8833,103.0083,414.0,232.0,400,232,213,18,1,168
KK10_CONST_เปือยน้อย_วังม่วง_M1_U1,เปือยน้อย,วังม่วง,1,1,15.8167,102.9083,838.0,526.0,820,526,494,24,8,294
KK10_CONST_เปือยน้อย_วังม่วง_M2_U2,เปือยน้อย,วังม่วง,2,2,15.8167,102.9083,822.0,550.0,800,550,522,24,4,250
KK10_CONST_เปือยน้อย_วังม่วง_M3_U3,เปือยน้อย,วังม่วง,3,3,15.8167,102.9083,521.0,344.0,500,344,338,5,1,156
KK10_CONST_เปือยน้อย_วังม่วง_M4_U4,เปือยน้อย,วังม่วง,4,4,15.8167,102.9083,677.0,473.0,680,473,453,18,2,207
KK10_CONST_เปือยน้อย_วังม่วง_M5_U5,เปือยน้อย,วังม่วง,5,5,15.8167,102.9083,355.0,202.0,340,202,188,13,1,138
KK10_CONST_เปือยน้อย_วังม่วง_M6_U6,เปือยน้อย,วังม่วง,6,6,15.8167,102.9083,552.0,324.0,540,324,305,12,7,216
KK10_CONST_เปือยน้อย_วังม่วง_M7_U7,เปือยน้อย,วังม่วง,7,7,15.8167,102.9083,1041.0,659.0,1040,659,618,41,0,381
KK10_CONST_เปือยน้อย_วังม่วง_M8_U8,เปือยน้อย,วังม่วง,8,8,15.8167,102.9083,506.0,308.0,500,308,288,17,3,192
KK10_CONST_เปือยน้อย_สระแก้ว_M1_U1,เปือยน้อย,สระแก้ว,1,1,15.8333,102.9583,524.0,315.0,500,315,295,18,2,185
KK10_CONST_เปือยน้อย_สระแก้ว_M2_U2,เปือยน้อย,สระแก้ว,2,2,15.8333,102.9583,530.0,348.0,520,348,321,25,2,172
KK10_CONST_เปือยน้อย_สระแก้ว_M3_U3,เปือยน้อย,สระแก้ว,3,3,15.8333,102.9583,243.0,143.0,240,143,129,13,1,97
KK10_CONST_เปือยน้อย_สระแก้ว_M5_U5,เปือยน้อย,สระแก้ว,5,5,15.8333,102.9583,315.0,198.0,300,198,190,6,2,102
KK10_CONST_เปือยน้อย_สระแก้ว_M6_U6,เปือยน้อย,สระแก้ว,6,6,15.8333,102.9583,331.0,187.0,320,187,182,4,1,133
KK10_CONST_เปือยน้อย_สระแก้ว_M7_U7,เปือยน้อย,สระแก้ว,7,7,15.8333,102.9583,744.0,553.0,770,553,512,36,5,217
KK10_CONST_เปือยน้อย_สระแก้ว_M4_U9,เปือยน้อย,สระแก้ว,4,9,15.8333,102.9583,317.0,201.0,300,201,192,7,2,99
KK10_CONST_เปือยน้อย_เปือยน้อย_M1_U1,เปือยน้อย,เปือยน้อย,1,1,15.8667,102.9167,665.0,466.0,660,466,437,18,11,194
KK10_CONST_เปือยน้อย_เปือยน้อย_M2_U2,เปือยน้อย,เปือยน้อย,2,2,15.8667,102.9167,471.0,280.0,460,280,258,19,3,180
KK10_CONST_เปือยน้อย_เปือยน้อย_M3_U3,เปือยน้อย,เปือยน้อย,3,3,15.8667,102.9167,627.0,411.0,620,411,399,11,1,209
KK10_CONST_เปือยน้อย_เปือยน้อย_M4_U4,เปือยน้อย,เปือยน้อย,4,4,15.8667,102.9167,603.0,370.0,600,370,349,16,5,230
KK10_CONST_เปือยน้อย_เปือยน้อย_M5_U5,เปือยน้อย,เปือยน้อย,5,5,15.8667,102.9167,261.0,159.0,240,159,150,6,3,81
KK10_CONST_เปือยน้อย_เปือยน้อย_M0_U6,เปือยน้อย,เปือยน้อย,0,6,15.8667,102.9167,274.0,162.0,260,162,152,7,3,98
KK10_CONST_เปือยน้อย_เปือยน้อย_M7_U7,เปือยน้อย,เปือยน้อย,7,7,15.8667,102.9167,575.0,362.0,560,362,344,10,8,198
KK10_CONST_หนองสองห้อง_คึมชาด_M10_U10,หนองสองห้อง,คึมชาด,10,10,15.7833,102.8917,346.0,235.0,340,235,225,9,1,105
KK10_CONST_หนองสองห้อง_คึมชาด_M1_U1,หนองสองห้อง,คึมชาด,1,1,15.7833,102.8917,412.0,229.0,400,229,224,4,1,171
KK10_CONST_หนองสองห้อง_คึมชาด_M2_U2,หนองสองห้อง,คึมชาด,2,2,15.7833,102.8917,385.0,274.0,400,274,261,6,7,126
KK10_CONST_หนองสองห้อง_คึมชาด_M3_U3,หนองสองห้อง,คึมชาด,3,3,15.7833,102.8917,631.0,363.0,600,363,351,8,4,237
KK10_CONST_หนองสองห้อง_คึมชาด_M4_U4,หนองสองห้อง,คึมชาด,4,4,15.7833,102.8917,588.0,361.0,580,361,348,12,1,219
KK10_CONST_หนองสองห้อง_คึมชาด_M5_U5,หนองสองห้อง,คึมชาด,5,5,15.7833,102.8917,654.0,361.0,620,361,351,7,3,259
KK10_CONST_หนองสองห้อง_คึมชาด_M6_U6,หนองสองห้อง,คึมชาด,6,6,15.7833,102.8917,668.0,421.0,640,421,402,16,3,219
KK10_CONST_หนองสองห้อง_คึมชาด_M7_U7,หนองสองห้อง,คึมชาด,7,7,15.7833,102.8917,615.0,355.0,580,355,337,13,5,225
KK10_CONST_หนองสองห้อง_คึมชาด_M8_U8,หนองสองห้อง,คึมชาด,8,8,15.7833,102.8917,371.0,220.0,360,220,214,4,2,140
KK10_CONST_หนองสองห้อง_คึมชาด_M9_U9,หนองสองห้อง,คึมชาด,9,9,15.7833,102.8917,664.0,414.0,680,414,389,17,8,266
KK10_CONST_หนองสองห้อง_ดงเค็ง_M10_U10,หนองสองห้อง,ดงเค็ง,10,10,15.7667,102.825,220.0,134.0,220,134,126,7,1,86
KK10_CONST_หนองสองห้อง_ดงเค็ง_M11_U11,หนองสองห้อง,ดงเค็ง,11,11,15.7667,102.825,323.0,189.0,300,189,179,7,3,111
KK10_CONST_หนองสองห้อง_ดงเค็ง_M12_U12,หนองสองห้อง,ดงเค็ง,12,12,15.7667,102.825,208.0,100.0,220,100,98,2,0,120
KK10_CONST_หนองสองห้อง_ดงเค็ง_M13_U13,หนองสองห้อง,ดงเค็ง,13,13,15.7667,102.825,547.0,337.0,520,337,325,8,4,183
KK10_CONST_หนองสองห้อง_ดงเค็ง_M1_U1,หนองสองห้อง,ดงเค็ง,1,1,15.7667,102.825,464.0,245.0,500,245,231,8,6,255
KK10_CONST_หนองสองห้อง_ดงเค็ง_M2_U2,หนองสองห้อง,ดงเค็ง,2,2,15.7667,102.825,538.0,291.0,500,291,276,12,3,209
KK10_CONST_หนองสองห้อง_ดงเค็ง_M3_U3,หนองสองห้อง,ดงเค็ง,3,3,15.7667,102.825,533.0,275.0,520,275,264,9,2,245
KK10_CONST_หนองสองห้อง_ดงเค็ง_M4_U4,หนองสองห้อง,ดงเค็ง,4,4,15.7667,102.825,186.0,97.0,180,97,89,7,1,83
KK10_CONST_หนองสองห้อง_ดงเค็ง_M5_U5,หนองสองห้อง,ดงเค็ง,5,5,15.7667,102.825,529.0,272.0,520,272,260,9,3,248
KK10_CONST_หนองสองห้อง_ดงเค็ง_M2_U6,หนองสองห้อง,ดงเค็ง,2,6,15.7667,102.825,392.0,209.0,360,209,197,9,3,151
KK10_CONST_หนองสองห้อง_ดงเค็ง_M7_U7,หนองสองห้อง,ดงเค็ง,7,7,15.7667,102.825,701.0,408.0,660,408,391,13,4,252
KK10_CONST_หนองสองห้อง_ดงเค็ง_M8_U8,หนองสองห้อง,ดงเค็ง,8,8,15.7667,102.825,482.0,270.0,410,270,252,11,7,140
KK10_CONST_หนองสองห้อง_ดงเค็ง_M1_U9,หนองสองห้อง,ดงเค็ง,1,9,15.7667,102.825,269.0,165.0,280,165,156,7,2,115
KK10_CONST_หนองสองห้อง_ดอนดั่ง_M10_U10,หนองสองห้อง,ดอนดั่ง,10,10,15.7333,102.875,98.0,76.0,100,76,73,1,2,24
KK10_CONST_หนองสองห้อง_ดอนดั่ง_M1_U1,หนองสองห้อง,ดอนดั่ง,1,1,15.7333,102.875,407.0,196.0,380,196,189,6,1,184
KK10_CONST_หนองสองห้อง_ดอนดั่ง_M2_U2,หนองสองห้อง,ดอนดั่ง,2,2,15.7333,102.875,478.0,282.0,460,282,273,8,1,178
KK10_CONST_หนองสองห้อง_ดอนดั่ง_M3_U3,หนองสองห้อง,ดอนดั่ง,3,3,15.7333,102.875,315.0,160.0,300,160,151,7,2,140
KK10_CONST_หนองสองห้อง_ดอนดั่ง_M4_U4,หนองสองห้อง,ดอนดั่ง,4,4,15.7333,102.875,624.0,398.0,620,398,386,9,3,222
KK10_CONST_หนองสองห้อง_ดอนดั่ง_M5_U5,หนองสองห้อง,ดอนดั่ง,5,5,15.7333,102.875,258.0,187.0,260,187,183,2,2,73
KK10_CONST_หนองสองห้อง_ดอนดั่ง_M6_U6,หนองสองห้อง,ดอนดั่ง,6,6,15.7333,102.875,325.0,203.0,320,203,195,6,2,117
KK10_CONST_หนองสองห้อง_ดอนดั่ง_M7_U7,หนองสองห้อง,ดอนดั่ง,7,7,15.7333,102.875,483.0,296.0,460,296,282,14,0,164
KK10_CONST_หนองสองห้อง_ดอนดั่ง_M8_U8,หนองสองห้อง,ดอนดั่ง,8,8,15.7333,102.875,344.0,208.0,360,208,202,6,0,152
KK10_CONST_หนองสองห้อง_ดอนดั่ง_M9_U9,หนองสองห้อง,ดอนดั่ง,9,9,15.7333,102.875,277.0,170.0,280,170,161,6,3,110
KK10_CONST_หนองสองห้อง_ดอนดู่_M10_U10,หนองสองห้อง,ดอนดู่,10,10,15.8167,102.8583,212.0,118.0,200,118,113,3,2,82
KK10_CONST_หนองสองห้อง_ดอนดู่_M11_U11,หนองสองห้อง,ดอนดู่,11,11,15.8167,102.8583,263.0,148.0,260,148,135,13,0,112
KK10_CONST_หนองสองห้อง_ดอนดู่_M12_U12,หนองสองห้อง,ดอนดู่,12,12,15.8167,102.8583,456.0,267.0,440,267,251,15,1,173
KK10_CONST_หนองสองห้อง_ดอนดู่_M1_U1,หนองสองห้อง,ดอนดู่,1,1,15.8167,102.8583,798.0,437.0,760,437,424,12,1,323
KK10_CONST_หนองสองห้อง_ดอนดู่_M2_U2,หนองสองห้อง,ดอนดู่,2,2,15.8167,102.8583,843.0,472.0,820,472,449,20,3,348
KK10_CONST_หนองสองห้อง_ดอนดู่_M3_U3,หนองสองห้อง,ดอนดู่,3,3,15.8167,102.8583,717.0,358.0,680,358,340,15,3,322
KK10_CONST_หนองสองห้อง_ดอนดู่_M4_U4,หนองสองห้อง,ดอนดู่,4,4,15.8167,102.8583,637.0,398.0,620,398,373,19,6,222
KK10_CONST_หนองสองห้อง_ดอนดู่_M5_U5,หนองสองห้อง,ดอนดู่,5,5,15.8167,102.8583,431.0,260.0,410,260,248,11,1,150
KK10_CONST_หนองสองห้อง_ดอนดู่_M6_U6,หนองสองห้อง,ดอนดู่,6,6,15.8167,102.8583,759.0,438.0,740,438,418,14,6,302
KK10_CONST_หนองสองห้อง_ดอนดู่_M7_U7,หนองสองห้อง,ดอนดู่,7,7,15.8167,102.8583,375.0,209.0,380,209,202,7,0,171
KK10_CONST_หนองสองห้อง_ดอนดู่_M8_U8,หนองสองห้อง,ดอนดู่,8,8,15.8167,102.8583,574.0,345.0,560,345,332,13,0,215
KK10_CONST_หนองสองห้อง_ดอนดู่_M9_U9,หนองสองห้อง,ดอนดู่,9,9,15.8167,102.8583,717.0,348.0,680,348,327,19,2,332
KK10_CONST_หนองสองห้อง_ตะกั่วป่า_M10_U10,หนองสองห้อง,ตะกั่วป่า,10,10,15.7891,102.7833,164.0,114.0,160,114,110,3,1,46
KK10_CONST_หนองสองห้อง_ตะกั่วป่า_M1_U1,หนองสองห้อง,ตะกั่วป่า,1,1,15.7891,102.7833,672.0,398.0,640,398,391,5,2,242
KK10_CONST_หนองสองห้อง_ตะกั่วป่า_M2_U2,หนองสองห้อง,ตะกั่วป่า,2,2,15.7891,102.7833,367.0,214.0,360,214,202,10,2,146
KK10_CONST_หนองสองห้อง_ตะกั่วป่า_M3_U3,หนองสองห้อง,ตะกั่วป่า,3,3,15.7891,102.7833,746.0,433.0,700,433,405,17,11,267
KK10_CONST_หนองสองห้อง_ตะกั่วป่า_M4_U4,หนองสองห้อง,ตะกั่วป่า,4,4,15.7891,102.7833,189.0,134.0,180,134,127,6,1,46
KK10_CONST_หนองสองห้อง_ตะกั่วป่า_M5_U5,หนองสองห้อง,ตะกั่วป่า,5,5,15.7891,102.7833,824.0,534.0,800,534,507,18,9,266
KK10_CONST_หนองสองห้อง_ตะกั่วป่า_M6_U6,หนองสองห้อง,ตะกั่วป่า,6,6,15.7891,102.7833,493.0,291.0,450,291,277,14,0,159
KK10_CONST_หนองสองห้อง_ตะกั่วป่า_M7_U7,หนองสองห้อง,ตะกั่วป่า,7,7,15.7891,102.7833,437.0,259.0,520,259,243,10,6,261
KK10_CONST_หนองสองห้อง_ตะกั่วป่า_M8_U8,หนองสองห้อง,ตะกั่วป่า,8,8,15.7891,102.7833,634.0,391.0,620,391,372,13,6,229
KK10_CONST_หนองสองห้อง_ตะกั่วป่า_M9_U9,หนองสองห้อง,ตะกั่วป่า,9,9,15.7891,102.7833,203.0,143.0,220,143,136,5,2,77
KK10_CONST_หนองสองห้อง_วังหิน_M1_U1,หนองสองห้อง,วังหิน,1,1,15.6833,102.8417,413.0,293.0,400,293,282,9,2,107
KK10_CONST_หนองสองห้อง_วังหิน_M2_U2,หนองสองห้อง,วังหิน,2,2,15.6833,102.8417,534.0,369.0,520,369,339,27,3,151
KK10_CONST_หนองสองห้อง_วังหิน_M3_U3,หนองสองห้อง,วังหิน,3,3,15.6833,102.8417,545.0,420.0,600,420,396,19,5,180
KK10_CONST_หนองสองห้อง_วังหิน_M4_U4,หนองสองห้อง,วังหิน,4,4,15.6833,102.8417,417.0,238.0,400,238,219,16,3,162
KK10_CONST_หนองสองห้อง_วังหิน_M5_U5,หนองสองห้อง,วังหิน,5,5,15.6833,102.8417,445.0,285.0,440,285,262,21,2,155
KK10_CONST_หนองสองห้อง_วังหิน_M6_U6,หนองสองห้อง,วังหิน,6,6,15.6833,102.8417,622.0,445.0,600,445,424,15,6,155
KK10_CONST_หนองสองห้อง_วังหิน_M7_U7,หนองสองห้อง,วังหิน,7,7,15.6833,102.8417,472.0,315.0,440,315,295,14,6,125
KK10_CONST_หนองสองห้อง_วังหิน_M9_U8,หนองสองห้อง,วังหิน,9,8,15.6833,102.8417,279.0,172.0,300,172,162,10,0,128
KK10_CONST_หนองสองห้อง_สำโรง_M1_U1,หนองสองห้อง,สำโรง,1,1,15.7533,102.9412,608.0,378.0,580,378,356,16,6,202
KK10_CONST_หนองสองห้อง_สำโรง_M2_U2,หนองสองห้อง,สำโรง,2,2,15.7533,102.9412,544.0,304.0,520,304,288,11,5,216
KK10_CONST_หนองสองห้อง_สำโรง_M3_U3,หนองสองห้อง,สำโรง,3,3,15.7533,102.9412,521.0,303.0,540,303,285,13,5,237
KK10_CONST_หนองสองห้อง_สำโรง_M4_U4,หนองสองห้อง,สำโรง,4,4,15.7533,102.9412,285.0,177.0,280,177,154,20,3,103
KK10_CONST_หนองสองห้อง_สำโรง_M5_U5,หนองสองห้อง,สำโรง,5,5,15.7533,102.9412,411.0,262.0,400,262,245,10,7,138
KK10_CONST_หนองสองห้อง_สำโรง_M6_U6,หนองสองห้อง,สำโรง,6,6,15.7533,102.9412,551.0,342.0,520,342,331,8,3,178
KK10_CONST_หนองสองห้อง_สำโรง_M7_U7,หนองสองห้อง,สำโรง,7,7,15.7533,102.9412,592.0,339.0,580,339,322,17,0,241
KK10_CONST_หนองสองห้อง_สำโรง_M8_U8,หนองสองห้อง,สำโรง,8,8,15.7533,102.9412,614.0,404.0,600,404,372,25,7,196
KK10_CONST_หนองสองห้อง_สำโรง_M9_U9,หนองสองห้อง,สำโรง,9,9,15.7533,102.9412,417.0,229.0,420,229,221,7,1,191
KK10_CONST_หนองสองห้อง_หนองสองห้อง_M7_U10,หนองสองห้อง,หนองสองห้อง,7,10,15.7281,102.7917,360.0,181.0,340,181,175,6,0,159
KK10_CONST_หนองสองห้อง_หนองสองห้อง_M8_U11,หนองสองห้อง,หนองสองห้อง,8,11,15.7281,102.7917,854.0,448.0,800,448,431,14,3,352
KK10_CONST_หนองสองห้อง_หนองสองห้อง_M9_U12,หนองสองห้อง,หนองสองห้อง,9,12,15.7281,102.7917,356.0,200.0,340,200,193,7,0,140
KK10_CONST_หนองสองห้อง_หนองสองห้อง_M10_U13,หนองสองห้อง,หนองสองห้อง,10,13,15.7281,102.7917,351.0,210.0,340,210,199,7,4,130
KK10_CONST_หนองสองห้อง_หนองสองห้อง_M11_U14,หนองสองห้อง,หนองสองห้อง,11,14,15.7281,102.7917,439.0,257.0,420,257,245,7,5,163
KK10_CONST_หนองสองห้อง_หนองสองห้อง_M12_U15,หนองสองห้อง,หนองสองห้อง,12,15,15.7281,102.7917,491.0,283.0,460,283,264,14,5,177
KK10_CONST_หนองสองห้อง_หนองสองห้อง_M13_U16,หนองสองห้อง,หนองสองห้อง,13,16,15.7281,102.7917,366.0,164.0,360,164,156,8,0,196
KK10_CONST_หนองสองห้อง_หนองสองห้อง_M14_U17,หนองสองห้อง,หนองสองห้อง,14,17,15.7281,102.7917,351.0,201.0,340,201,189,12,0,139
KK10_CONST_หนองสองห้อง_หนองสองห้อง_M15_U18,หนองสองห้อง,หนองสองห้อง,15,18,15.7281,102.7917,86.0,45.0,100,45,43,1,1,55
KK10_CONST_หนองสองห้อง_หนองสองห้อง_M1_U1,หนองสองห้อง,หนองสองห้อง,1,1,15.7281,102.7917,711.0,463.0,680,463,446,10,7,217
KK10_CONST_หนองสองห้อง_หนองสองห้อง_M2_U2,หนองสองห้อง,หนองสองห้อง,2,2,15.7281,102.7917,699.0,492.0,660,492,463,21,8,168
KK10_CONST_หนองสองห้อง_หนองสองห้อง_M3_U3,หนองสองห้อง,หนองสองห้อง,3,3,15.7281,102.7917,711.0,472.0,660,472,455,9,8,188
KK10_CONST_หนองสองห้อง_หนองสองห้อง_M4_U4,หนองสองห้อง,หนองสองห้อง,4,4,15.7281,102.7917,475.0,309.0,460,309,293,11,5,151
KK10_CONST_หนองสองห้อง_หนองสองห้อง_M3_U5,หนองสองห้อง,หนองสองห้อง,3,5,15.7281,102.7917,711.0,472.0,660,472,455,9,8,188
KK10_CONST_หนองสองห้อง_หนองสองห้อง_M17_U6,หนองสองห้อง,หนองสองห้อง,17,6,15.7281,102.7917,700.0,438.0,680,438,419,13,6,242
KK10_CONST_หนองสองห้อง_หนองสองห้อง_M18_U7,หนองสองห้อง,หนองสองห้อง,18,7,15.7281,102.7917,900.0,645.0,920,645,601,38,6,275
KK10_CONST_หนองสองห้อง_หนองสองห้อง_M5_U8,หนองสองห้อง,หนองสองห้อง,5,8,15.7281,102.7917,416.0,225.0,400,225,214,9,2,175
KK10_CONST_หนองสองห้อง_หนองสองห้อง_M6_U9,หนองสองห้อง,หนองสองห้อง,6,9,15.7281,102.7917,714.0,411.0,680,411,395,11,5,269
KK10_CONST_หนองสองห้อง_หนองเม็ก_M8_U10,หนองสองห้อง,หนองเม็ก,8,10,15.7561,102.7302,669.0,431.0,640,431,411,18,2,209
KK10_CONST_หนองสองห้อง_หนองเม็ก_M9_U11,หนองสองห้อง,หนองเม็ก,9,11,15.7561,102.7302,276.0,217.0,280,217,211,4,2,63
KK10_CONST_หนองสองห้อง_หนองเม็ก_M10_U12,หนองสองห้อง,หนองเม็ก,10,12,15.7561,102.7302,381.0,236.0,360,236,229,6,1,124
KK10_CONST_หนองสองห้อง_หนองเม็ก_M11_U13,หนองสองห้อง,หนองเม็ก,11,13,15.7561,102.7302,294.0,159.0,280,159,157,1,1,121
KK10_CONST_หนองสองห้อง_หนองเม็ก_M12_U14,หนองสองห้อง,หนองเม็ก,12,14,15.7561,102.7302,435.0,264.0,420,264,246,15,3,156
KK10_CONST_หนองสองห้อง_หนองเม็ก_M12_U15,หนองสองห้อง,หนองเม็ก,12,15,15.7561,102.7302,191.0,112.0,200,112,111,1,0,88
KK10_CONST_หนองสองห้อง_หนองเม็ก_M14_U16,หนองสองห้อง,หนองเม็ก,14,16,15.7561,102.7302,188.0,112.0,180,112,107,4,1,68
KK10_CONST_หนองสองห้อง_หนองเม็ก_M15_U17,หนองสองห้อง,หนองเม็ก,15,17,15.7561,102.7302,437.0,308.0,440,308,297,6,5,132
KK10_CONST_หนองสองห้อง_หนองเม็ก_M2_U1,หนองสองห้อง,หนองเม็ก,2,1,15.7561,102.7302,489.0,294.0,500,294,276,8,10,206
KK10_CONST_หนองสองห้อง_หนองเม็ก_M1_U2,หนองสองห้อง,หนองเม็ก,1,2,15.7561,102.7302,427.0,296.0,420,296,282,8,6,124
KK10_CONST_หนองสองห้อง_หนองเม็ก_M2_U3,หนองสองห้อง,หนองเม็ก,2,3,15.7561,102.7302,352.0,230.0,340,230,212,14,4,110
KK10_CONST_หนองสองห้อง_หนองเม็ก_M3_U4,หนองสองห้อง,หนองเม็ก,3,4,15.7561,102.7302,290.0,179.0,300,179,176,3,0,121
KK10_CONST_หนองสองห้อง_หนองเม็ก_M4_U5,หนองสองห้อง,หนองเม็ก,4,5,15.7561,102.7302,537.0,304.0,520,304,290,11,3,216
KK10_CONST_หนองสองห้อง_หนองเม็ก_M4_U6,หนองสองห้อง,หนองเม็ก,4,6,15.7561,102.7302,539.0,352.0,520,352,339,11,2,168
KK10_CONST_หนองสองห้อง_หนองเม็ก_M5_U7,หนองสองห้อง,หนองเม็ก,5,7,15.7561,102.7302,482.0,298.0,480,298,285,10,3,182
KK10_CONST_หนองสองห้อง_หนองเม็ก_M6_U8,หนองสองห้อง,หนองเม็ก,6,8,15.7561,102.7302,258.0,175.0,210,175,170,5,0,35
KK10_CONST_หนองสองห้อง_หนองเม็ก_M7_U9,หนองสองห้อง,หนองเม็ก,7,9,15.7561,102.7302,303.0,188.0,300,188,174,6,8,112
KK10_CONST_หนองสองห้อง_หนองไผ่ล้อม_M1_U1,หนองสองห้อง,หนองไผ่ล้อม,1,1,15.6583,102.7833,421.0,269.0,400,269,260,8,1,131
KK10_CONST_หนองสองห้อง_หนองไผ่ล้อม_M2_U2,หนองสองห้อง,หนองไผ่ล้อม,2,2,15.6583,102.7833,396.0,239.0,380,239,225,8,6,141
KK10_CONST_หนองสองห้อง_หนองไผ่ล้อม_M3_U3,หนองสองห้อง,หนองไผ่ล้อม,3,3,15.6583,102.7833,459.0,271.0,440,271,256,15,0,169
KK10_CONST_หนองสองห้อง_หนองไผ่ล้อม_M4_U4,หนองสองห้อง,หนองไผ่ล้อม,4,4,15.6583,102.7833,723.0,449.0,700,449,442,6,1,251
KK10_CONST_หนองสองห้อง_หนองไผ่ล้อม_M5_U5,หนองสองห้อง,หนองไผ่ล้อม,5,5,15.6583,102.7833,312.0,0.0,300,201,200,1,0,99
KK10_CONST_หนองสองห้อง_หนองไผ่ล้อม_M6_U6,หนองสองห้อง,หนองไผ่ล้อม,6,6,15.6583,102.7833,213.0,132.0,200,132,127,3,2,68
KK10_CONST_หนองสองห้อง_หนองไผ่ล้อม_M7_U7,หนองสองห้อง,หนองไผ่ล้อม,7,7,15.6583,102.7833,244.0,140.0,240,140,136,1,3,100
KK10_CONST_หนองสองห้อง_หนองไผ่ล้อม_M8_U8,หนองสองห้อง,หนองไผ่ล้อม,8,8,15.6583,102.7833,468.0,301.0,460,301,292,6,3,159
KK10_CONST_หนองสองห้อง_หนองไผ่ล้อม_M1_U9,หนองสองห้อง,หนองไผ่ล้อม,1,9,15.6583,102.7833,413.0,246.0,380,246,232,10,4,134
KK10_CONST_หนองสองห้อง_หันโจด_M10_U10,หนองสองห้อง,หันโจด,10,10,15.7194,102.7681,116.0,74.0,116,74,73,1,0,42
KK10_CONST_หนองสองห้อง_หันโจด_M11_U11,หนองสองห้อง,หันโจด,11,11,15.7194,102.7681,179.0,127.0,180,127,125,1,1,53
KK10_CONST_หนองสองห้อง_หันโจด_M12_U12,หนองสองห้อง,หันโจด,12,12,15.7194,102.7681,175.0,111.0,160,111,105,6,0,49
KK10_CONST_หนองสองห้อง_หันโจด_M1_U1,หนองสองห้อง,หันโจด,1,1,15.7194,102.7681,298.0,186.0,282,186,179,7,0,94
KK10_CONST_หนองสองห้อง_หันโจด_M2_U2,หนองสองห้อง,หันโจด,2,2,15.7194,102.7681,433.0,272.0,415,272,257,13,2,143
KK10_CONST_หนองสองห้อง_หันโจด_M3_U3,หนองสองห้อง,หันโจด,3,3,15.7194,102.7681,378.0,196.0,300,186,178,6,2,114
KK10_CONST_หนองสองห้อง_หันโจด_M4_U4,หนองสองห้อง,หันโจด,4,4,15.7194,102.7681,745.0,172.0,770,172,161,7,4,598
KK10_CONST_หนองสองห้อง_หันโจด_M5_U5,หนองสองห้อง,หันโจด,5,5,15.7194,102.7681,240.0,150.0,240,150,147,3,0,90
KK10_CONST_หนองสองห้อง_หันโจด_M6_U6,หนองสองห้อง,หันโจด,6,6,15.7194,102.7681,428.0,228.0,400,228,222,5,1,172
KK10_CONST_หนองสองห้อง_หันโจด_M7_U7,หนองสองห้อง,หันโจด,7,7,15.7194,102.7681,547.0,310.0,520,310,303,6,1,210
KK10_CONST_หนองสองห้อง_หันโจด_M8_U8,หนองสองห้อง,หันโจด,8,8,15.7194,102.7681,180.0,131.0,180,131,127,4,0,49
KK10_CONST_หนองสองห้อง_หันโจด_M9_U9,หนองสองห้อง,หันโจด,9,9,15.7194,102.7681,166.0,126.0,180,126,118,8,0,54
KK10_CONST_หนองสองห้อง_โนนธาตุ_M10_U10,หนองสองห้อง,โนนธาตุ,10,10,15.6917,102.725,537.0,337.0,520,337,318,12,7,183
KK10_CONST_หนองสองห้อง_โนนธาตุ_M11_U11,หนองสองห้อง,โนนธาตุ,11,11,15.6917,102.725,219.0,121.0,300,121,111,5,5,179
KK10_CONST_หนองสองห้อง_โนนธาตุ_M1_U1,หนองสองห้อง,โนนธาตุ,1,1,15.6917,102.725,263.0,150.0,260,150,146,4,0,110
KK10_CONST_หนองสองห้อง_โนนธาตุ_M2_U2,หนองสองห้อง,โนนธาตุ,2,2,15.6917,102.725,340.0,185.0,320,185,169,10,6,135
KK10_CONST_หนองสองห้อง_โนนธาตุ_M3_U3,หนองสองห้อง,โนนธาตุ,3,3,15.6917,102.725,359.0,179.0,360,179,175,4,0,181
KK10_CONST_หนองสองห้อง_โนนธาตุ_M4_U4,หนองสองห้อง,โนนธาตุ,4,4,15.6917,102.725,571.0,362.0,540,362,347,13,2,178
KK10_CONST_หนองสองห้อง_โนนธาตุ_M5_U5,หนองสองห้อง,โนนธาตุ,5,5,15.6917,102.725,605.0,333.0,620,333,318,11,4,287
KK10_CONST_หนองสองห้อง_โนนธาตุ_M6_U6,หนองสองห้อง,โนนธาตุ,6,6,15.6917,102.725,627.0,370.0,600,370,361,9,0,230
KK10_CONST_หนองสองห้อง_โนนธาตุ_M7_U7,หนองสองห้อง,โนนธาตุ,7,7,15.6917,102.725,229.0,139.0,220,139,135,4,0,81
KK10_CONST_หนองสองห้อง_โนนธาตุ_M8_U8,หนองสองห้อง,โนนธาตุ,8,8,15.6917,102.725,339.0,194.0,320,194,186,8,0,126
KK10_CONST_หนองสองห้อง_โนนธาตุ_M9_U9,หนองสองห้อง,โนนธาตุ,9,9,15.6917,102.725,373.0,229.0,400,229,207,22,0,171
KK10_CONST_หนองสองห้อง_ในนอกนอกราช_M_U,หนองสองห้อง,ในนอกนอกราช,,,,,0.0,0.0,11,11,11,0,0,0
KK10_CONST_หนองสองห้อง_ในนอกนอกราช_M_U,หนองสองห้อง,ในนอกนอกราช,,,,,0.0,0.0,800,800,708,41,51,0
KK10_CONST_หนองสองห้อง_ในนอกนอกราช_M_U,หนองสองห้อง,ในนอกนอกราช,,,,,0.0,0.0,800,800,704,45,51,0
KK10_CONST_หนองสองห้อง_ในนอกนอกราช_M_U,หนองสองห้อง,ในนอกนอกราช,,,,,0.0,0.0,800,800,704,47,49,0
KK10_CONST_หนองสองห้อง_ในนอกนอกราช_M_U,หนองสองห้อง,ในนอกนอกราช,,,,,,,800,800,702,48,50,0
KK10_CONST_หนองสองห้อง_ในนอกนอกราช_M_U,หนองสองห้อง,ในนอกนอกราช,,,,,,,800,800,707,47,46,0
KK10_CONST_หนองสองห้อง_ในนอกนอกราช_M_U,หนองสองห้อง,ในนอกนอกราช,,,,,0.0,0.0,400,400,703,20,47,0
KK10_CONST_หนองสองห้อง_ในนอกนอกราช_M_U,หนองสองห้อง,ในนอกนอกราช,,,,,0.0,0.0,573,573,511,26,36,27
KK10_CONST_หนองสองห้อง_ในนอกนอกราช_M_U,หนองสองห้อง,ในนอกนอกราช,,,,,0.0,0.0,501,501,438,30,33,0
KK10_CONST_หนองสองห้อง_ในนอกนอกราช_M_U,หนองสองห้อง,ในนอกนอกราช,,,,,0.0,0.0,263,262,243,9,10,1
KK10_CONST_ชนบท_ปอแดง_M10_U10,ชนบท,ปอแดง,10,10,16.0388,102.5083,428.0,249.0,400,249,232,13,4,151
KK10_CONST_ชนบท_ปอแดง_M1_U1,ชนบท,ปอแดง,1,1,16.0388,102.5083,528.0,309.0,540,309,289,17,3,231
KK10_CONST_ชนบท_ปอแดง_M2_U2,ชนบท,ปอแดง,2,2,16.0388,102.5083,828.0,507.0,780,507,481,17,9,273
KK10_CONST_ชนบท_ปอแดง_M3_U3,ชนบท,ปอแดง,3,3,16.0388,102.5083,281.0,170.0,280,170,159,6,5,110
KK10_CONST_ชนบท_ปอแดง_M4_U4,ชนบท,ปอแดง,4,4,16.0388,102.5083,304.0,195.0,300,195,177,18,0,105
KK10_CONST_ชนบท_ปอแดง_M5_U5,ชนบท,ปอแดง,5,5,16.0388,102.5083,583.0,340.0,560,340,314,20,6,220
KK10_CONST_ชนบท_ปอแดง_M6_U6,ชนบท,ปอแดง,6,6,16.0388,102.5083,298.0,157.0,280,157,152,3,2,123
KK10_CONST_ชนบท_ปอแดง_M7_U7,ชนบท,ปอแดง,7,7,16.0388,102.5083,247.0,132.0,240,132,129,3,0,108
KK10_CONST_ชนบท_ปอแดง_M8_U8,ชนบท,ปอแดง,8,8,16.0388,102.5083,363.0,188.0,360,188,180,6,2,172
KK10_CONST_ชนบท_ปอแดง_M9_U9,ชนบท,ปอแดง,9,9,16.0388,102.5083,222.0,130.0,200,130,122,5,3,70
KK10_CONST_ชนบท_วังแสง_M10_U10,ชนบท,วังแสง,10,10,16.0833,102.5583,550.0,286.0,520,286,263,21,2,234
KK10_CONST_ชนบท_วังแสง_M11_U11,ชนบท,วังแสง,11,11,16.0833,102.5583,475.0,320.0,460,320,291,25,4,140
KK10_CONST_ชนบท_วังแสง_M1_U1,ชนบท,วังแสง,1,1,16.0833,102.5583,485.0,282.0,460,282,263,14,5,178
KK10_CONST_ชนบท_วังแสง_M2_U2,ชนบท,วังแสง,2,2,16.0833,102.5583,539.0,340.0,540,340,309,24,7,200
KK10_CONST_ชนบท_วังแสง_M3_U3,ชนบท,วังแสง,3,3,16.0833,102.5583,780.0,420.0,742,420,399,17,4,322
KK10_CONST_ชนบท_วังแสง_M4_U4,ชนบท,วังแสง,4,4,16.0833,102.5583,608.0,334.0,580,334,306,27,1,246
KK10_CONST_ชนบท_วังแสง_M5_U5,ชนบท,วังแสง,5,5,16.0833,102.5583,253.0,142.0,240,142,135,6,1,98
KK10_CONST_ชนบท_วังแสง_M6_U6,ชนบท,วังแสง,6,6,16.0833,102.5583,610.0,333.0,580,333,306,23,4,247
KK10_CONST_ชนบท_วังแสง_M7_U7,ชนบท,วังแสง,7,7,16.0833,102.5583,722.0,398.0,700,398,370,19,9,302
KK10_CONST_ชนบท_วังแสง_M8_U8,ชนบท,วังแสง,8,8,16.0833,102.5583,591.0,340.0,580,340,300,30,10,240
KK10_CONST_ชนบท_วังแสง_M9_U9,ชนบท,วังแสง,9,9,16.0833,102.5583,347.0,183.0,340,183,170,12,1,157
KK10_CONST_ชนบท_ห้วยแก_M1_U1,ชนบท,ห้วยแก,1,1,16.0417,102.6167,823.0,519.0,780,519,501,14,4,261
KK10_CONST_ชนบท_ห้วยแก_M2_U2,ชนบท,ห้วยแก,2,2,16.0417,102.6167,687.0,454.0,660,454,422,17,15,206
KK10_CONST_ชนบท_ห้วยแก_M3_U3,ชนบท,ห้วยแก,3,3,16.0417,102.6167,520.0,276.0,500,276,253,17,6,224
KK10_CONST_ชนบท_ห้วยแก_M4_U4,ชนบท,ห้วยแก,4,4,16.0417,102.6167,809.0,474.0,760,474,452,17,5,286
KK10_CONST_ชนบท_ห้วยแก_M5_U5,ชนบท,ห้วยแก,5,5,16.0417,102.6167,292.0,172.0,280,172,162,8,2,108
KK10_CONST_ชนบท_ห้วยแก_M6_U6,ชนบท,ห้วยแก,6,6,16.0417,102.6167,610.0,380.0,600,380,355,17,8,220
KK10_CONST_ชนบท_ห้วยแก_M7_U7,ชนบท,ห้วยแก,7,7,16.0417,102.6167,400.0,201.0,400,201,188,11,2,199
KK10_CONST_ชนบท_ห้วยแก_M8_U8,ชนบท,ห้วยแก,8,8,16.0417,102.6167,591.0,340.0,580,340,300,30,10,240
KK10_CONST_ชนบท_ห้วยแก_M9_U9,ชนบท,ห้วยแก,9,9,16.0417,102.6167,257.0,184.0,260,184,178,6,0,76
